#",,,",Alias,Org.,Pro.,Eco.,Descripción,Créditos Iniciales,Modificaciones de Crédito,Créditos Totales consignados,Obligaciones Reconocidas
,,10,912,10000,Retribuciones básicas.,858611.68,-83726.51,774885.17,759691.48
,,10,912,15000,PRODUCTIVIDAD,119060.01,,119060.01,89274.23
,,10,912,16000,SEGURIDAD SOCIAL,161396.88,,161396.88,178314.94
,,10,912,22601,Atenciones protocolarias y representativas.,30526.0,-3000.0,27526.0,10235.66
,,10,912,22606,"Reuniones, conferencias y cursos.",20000.0,-12000.0,8000.0,
,,10,912,22699,Otros gastos diversos,45000.0,,45000.0,42588.89
,,10,912,22706,Estudios y trabajos técnicos.,16000.0,,16000.0,
,,10,912,22799,Otros trabajos realizados por otras empresas y profes.,6000.0,,6000.0,5800.0
,,10,912,23000,De los miembros de los órganos de gobierno.,30000.0,-5000.0,25000.0,11635.88
,,10,912,23100,De los miembros de los órganos de gobierno.,20000.0,,20000.0,12407.19
,,10,912,48923,DOTACION ECONOMICA GRUPOS POLITICOS MUNICIPALES,56650.39,,56650.39,52066.06
,,10,912,83001,ANTICIPOS MIEMBROS CORPORACIÓN,1.0,,1.0,
,,10,920,22605,RELACIONES PUBLICAS,50000.0,-5000.0,45000.0,16756.3
,,10,920,68900,OTROS GASTOS  EN INVERSIONES DE BIENES PATRIMONIALES,6000.0,,6000.0,
,,10,922,48918,CUOTAS ASOCIACIONES MUNICIPIOS (FEMP...),87980.0,13000.0,100980.0,81057.13
,,20,011,31000,INTERESES,2840079.54,-180000.0,2660079.54,2432899.13
,,20,011,31001,PREVISIÓN INTERESES PTMO. FINANC. PPTO. EJERCICIO,50000.0,,50000.0,
,,20,011,31100,"GASTOS DE FORMALIZACION, MODIFICACION Y CANCELACION",1.0,,1.0,
,,20,011,35200,INTERESES DE DEMORA,3000.0,,3000.0,980.5
,,20,011,35900,OTROS GASTOS FINANCIEROS,,1.0,1.0,
,,20,011,91300,AMORT.PREST.M-L PLAZO ENTES FUERA S.PUB.,12404060.19,1781963.55,14186023.74,13656988.94
,,20,132,12000,Sueldos del Grupo A1.,59367.34,925.87,60293.21,62502.17
,,20,132,12001,Sueldos del Grupo A2.,227538.03,,227538.03,209595.57
,,20,132,12003,Sueldos del Grupo C1.,3493873.66,,3493873.66,3336590.16
,,20,132,12006,Trienios.,723231.13,,723231.13,566878.28
,,20,132,12100,Complemento de destino.,1918601.56,,1918601.56,1451462.34
,,20,132,12101,Complemento específico.,4793239.29,48122.13,4841361.42,5349399.1
,,20,132,15102,GRATIFICACIONES PERS. FUNCIONARIO,260000.0,,260000.0,297534.04
,,20,132,16000,Seguridad Social.,3570681.11,,3570681.11,3718663.15
,,20,134,12000,Sueldos del Grupo A1.,74022.0,,74022.0,57023.54
,,20,134,12001,Sueldos del Grupo A2.,51962.33,,51962.33,49450.72
,,20,134,12003,Sueldos del Grupo C1.,30548.06,,30548.06,31561.98
,,20,134,12004,Sueldos del Grupo C2.,188005.05,,188005.05,180705.89
,,20,134,12005,Sueldos del Grupo E.,7678.58,,7678.58,
,,20,134,12006,Trienios.,62880.77,,62880.77,46491.41
,,20,134,12100,Complemento de destino.,204592.68,,204592.68,149574.64
,,20,134,12101,Complemento específico.,371930.77,7230.11,379160.88,393901.6
,,20,134,13000,Retribuciones básicas.,160.67,333.21,493.88,7972.06
,,20,134,13002,Otras remuneraciones.,152.78,,152.78,10821.31
,,20,134,16000,Seguridad Social.,270951.87,,270951.87,261975.4
,,20,135,12001,Sueldos del Grupo A2.,26149.3,,26149.3,27079.03
,,20,135,12003,Sueldos del Grupo C1.,20041.45,,20041.45,19818.63
,,20,135,12004,Sueldos del Grupo C2.,8521.33,,8521.33,7685.38
,,20,135,12006,Trienios.,8377.25,,8377.25,7012.74
,,20,135,12100,Complemento de destino.,30119.76,,30119.76,24166.95
,,20,135,12101,Complemento específico.,72508.38,1539.84,74048.22,83071.36
,,20,135,13101,RETRIB. PERSONAL FOMENTO EMPLEO (TEMPOR. Y DISCONTINUOS),270.57,,270.57,
,,20,135,16000,Seguridad Social.,46335.96,,46335.96,47535.63
,,20,136,12000,Sueldos del Grupo A1.,22180.49,,22180.49,5580.99
,,20,136,12003,Sueldos del Grupo C1.,83288.04,,83288.04,74523.72
,,20,136,12004,Sueldos del Grupo C2.,749971.19,,749971.19,714057.42
,,20,136,12006,Trienios.,132175.87,,132175.87,99424.91
,,20,136,12100,Complemento de destino.,515899.28,,515899.28,381317.01
,,20,136,12101,Complemento específico.,1307126.52,28298.48,1335425.0,1342437.7
,,20,136,15102,GRATIFICACIONES PERS. FUNCIONARIO,250458.0,,250458.0,432114.6
,,20,136,16000,Seguridad Social.,777679.89,,777679.89,1047474.96
,,20,151,12000,Sueldos del Grupo A1.,311898.06,,311898.06,297216.01
,,20,151,12001,Sueldos del Grupo A2.,117986.24,,117986.24,116183.73
,,20,151,12003,Sueldos del Grupo C1.,92635.94,1541.04,94176.98,102731.26
,,20,151,12004,Sueldos del Grupo C2.,213640.86,,213640.86,182443.32
,,20,151,12005,Sueldos del Grupo E.,263.71,,263.71,337.99
,,20,151,12006,Trienios.,128587.47,,128587.47,104108.62
,,20,151,12100,Complemento de destino.,433002.59,,433002.59,331497.08
,,20,151,12101,Complemento específico.,719810.65,17337.87,737148.52,874284.49
,,20,151,13000,Retribuciones básicas.,26290.91,,26290.91,23740.69
,,20,151,13002,Otras remuneraciones.,24497.47,,24497.47,27905.91
,,20,151,16000,Seguridad Social.,536475.53,,536475.53,541538.19
,,20,164,12000,Sueldos del Grupo A1.,14841.83,,14841.83,15446.52
,,20,164,12003,Sueldos del Grupo C1.,20068.88,,20068.88,20575.94
,,20,164,12004,Sueldos del Grupo C2.,67671.8,,67671.8,61566.31
,,20,164,12005,Sueldos del Grupo E.,94283.36,2297.36,96580.72,99703.37
,,20,164,12006,Trienios.,32463.73,,32463.73,25915.38
,,20,164,12100,Complemento de destino.,109668.73,,109668.73,86971.75
,,20,164,12101,Complemento específico.,218965.05,5458.29,224423.34,283039.36
,,20,164,16000,Seguridad Social.,156813.78,,156813.78,177256.49
,,20,165,12004,Sueldos del Grupo C2.,51127.97,1208.8,52336.77,54067.52
,,20,165,12005,Sueldos del Grupo E.,7810.42,,7810.42,8148.13
,,20,165,12006,Trienios.,19267.28,,19267.28,15868.83
,,20,165,12100,Complemento de destino.,31042.81,,31042.81,25599.73
,,20,165,12101,Complemento específico.,42018.12,1311.13,43329.25,50302.08
,,20,165,16000,Seguridad Social.,54338.64,,54338.64,59930.14
,,20,170,12000,Sueldos del Grupo A1.,44525.53,,44525.53,43635.94
,,20,170,12001,Sueldos del Grupo A2.,39558.35,,39558.35,39842.24
,,20,170,12003,Sueldos del Grupo C1.,80424.28,,80424.28,76274.01
,,20,170,12004,Sueldos del Grupo C2.,60076.74,,60076.74,56089.35
,,20,170,12005,Sueldos del Grupo E.,7810.42,,7810.42,6384.9
,,20,170,12006,Trienios.,49107.09,,49107.09,38532.27
,,20,170,12100,Complemento de destino.,145830.23,,145830.23,112358.73
,,20,170,12101,Complemento específico.,276322.52,6109.35,282431.87,300476.74
,,20,170,16000,Seguridad Social.,189336.11,,189336.11,186482.8
,,20,171,12001,Sueldos del Grupo A2.,13074.65,,13074.65,13367.37
,,20,171,12004,Sueldos del Grupo C2.,17042.66,,17042.66,15509.91
,,20,171,12005,Sueldos del Grupo E.,120.12,,120.12,167.0
,,20,171,12006,Trienios.,8993.12,,8993.12,6948.64
,,20,171,12100,Complemento de destino.,17037.95,,17037.95,12942.51
,,20,171,12101,Complemento específico.,33707.36,622.5,34329.86,36147.67
,,20,171,16000,Seguridad Social.,25055.88,,25055.88,23732.85
,,20,211,10701,Del personal directivo.,1.0,,1.0,
,,20,211,12700,APORTACIÓN MUNICIPAL AL PLAN DE PENSIONES,1.0,,1.0,
,,20,211,13700,APORTACIÓN MUNICIPAL AL PLAN DE PENSIONES,1.0,,1.0,
,,20,221,16007,ASISTENCIA PREVENTIVA COR,396873.4,,396873.4,396873.4
,,20,221,16008,Asistencia médico-farmacéutica.,62546.58,,62546.58,60068.31
,,20,221,16205,Seguros.,39680.51,,39680.51,37999.6
,,20,221,16501,AYUDAS SOCIALES,442170.0,,442170.0,441468.39
,,20,231,12000,Sueldos del Grupo A1.,267124.83,22182.55,289307.38,271717.73
,,20,231,12001,Sueldos del Grupo A2.,915076.09,82442.9,997518.99,890465.25
,,20,231,12003,Sueldos del Grupo C1.,50534.66,,50534.66,50768.12
,,20,231,12004,Sueldos del Grupo C2.,229775.95,19081.03,248856.98,217503.4
,,20,231,12005,Sueldos del Grupo E.,54804.91,3199.41,58004.32,57846.69
,,20,231,12006,Trienios.,244171.28,20510.41,264681.69,201814.23
,,20,231,12100,Complemento de destino.,793395.7,70165.69,863561.39,629465.05
,,20,231,12101,Complemento específico.,1517086.86,133221.48,1650308.34,1781194.79
,,20,231,16000,Seguridad Social.,1098235.77,97750.4,1195986.17,1131177.94
,,20,231,22746,CONTRATOS ASISTENCIA EN PLANIFICACIÓN Y CONTROL,14025.79,,14025.79,12833.34
,,20,241,12000,Sueldos del Grupo A1.,126473.98,7034.28,133508.26,123151.27
,,20,241,12001,Sueldos del Grupo A2.,116569.81,13280.13,129849.94,105306.35
,,20,241,12003,Sueldos del Grupo C1.,41643.2,,41643.2,18772.09
,,20,241,12004,Sueldos del Grupo C2.,42719.08,4939.5,47658.58,38413.44
,,20,241,12006,Trienios.,47157.7,647.0,47804.7,39101.36
,,20,241,12100,Complemento de destino.,176577.97,10785.33,187363.3,134902.73
,,20,241,12101,Complemento específico.,286130.12,16531.83,302661.95,287122.9
,,20,241,13101,RETRIB. PERSONAL FOMENTO EMPLEO (TEMPOR. Y DISCONTINUOS),199539.28,274212.36,473751.64,441342.1
,,20,241,16000,Seguridad Social.,268226.45,67201.49,335427.94,290800.24
,,20,320,12000,Sueldos del Grupo A1.,14841.85,,14841.85,11334.0
,,20,320,12001,Sueldos del Grupo A2.,52465.81,,52465.81,52042.0
,,20,320,12003,Sueldos del Grupo C1.,10787.57,,10787.57,10497.29
,,20,320,12004,Sueldos del Grupo C2.,25682.14,,25682.14,23628.96
,,20,320,12005,Sueldos del Grupo E.,249878.9,,249878.9,255092.72
,,20,320,12006,Trienios.,42764.72,,42764.72,33222.83
,,20,320,12100,Complemento de destino.,206811.67,,206811.67,164668.63
,,20,320,12101,Complemento específico.,412325.16,,412325.16,460170.51
,,20,320,13000,Retribuciones básicas.,10109.01,,10109.01,8221.5
,,20,320,13002,Otras remuneraciones.,12942.39,,12942.39,14936.39
,,20,320,16000,Seguridad Social.,276946.5,,276946.5,288277.06
,,20,330,12000,Sueldos del Grupo A1.,74043.78,,74043.78,67958.83
,,20,330,12001,Sueldos del Grupo A2.,52295.79,,52295.79,50649.71
,,20,330,12003,Sueldos del Grupo C1.,40514.34,,40514.34,42823.05
,,20,330,12004,Sueldos del Grupo C2.,33941.77,,33941.77,36093.61
,,20,330,12005,Sueldos del Grupo E.,63121.89,,63121.89,57789.69
,,20,330,12006,Trienios.,59660.07,,59660.07,47796.44
,,20,330,12100,Complemento de destino.,156878.09,,156878.09,121516.1
,,20,330,12101,Complemento específico.,302321.28,,302321.28,312055.05
,,20,330,13000,Retribuciones básicas.,193.31,,193.31,639.85
,,20,330,13002,Otras remuneraciones.,408.59,,408.59,
,,20,330,16000,Seguridad Social.,207570.79,,207570.79,194227.59
,,20,336,12000,Sueldos del Grupo A1.,14841.84,,14841.84,15828.68
,,20,336,12001,Sueldos del Grupo A2.,13242.79,,13242.79,13545.83
,,20,336,12005,Sueldos del Grupo E.,23430.57,,23430.57,24141.31
,,20,336,12006,Trienios.,9254.56,,9254.56,8141.55
,,20,336,12100,Complemento de destino.,25812.78,,25812.78,21633.96
,,20,336,12101,Complemento específico.,55162.71,,55162.71,60818.36
,,20,336,16000,Seguridad Social.,39784.92,,39784.92,41366.76
,,20,340,12000,Sueldos del Grupo A1.,88392.96,,88392.96,87567.41
,,20,340,12001,Sueldos del Grupo A2.,168.12,,168.12,6725.94
,,20,340,12003,Sueldos del Grupo C1.,41644.04,,41644.04,50877.52
,,20,340,12004,Sueldos del Grupo C2.,34230.74,,34230.74,33099.57
,,20,340,12005,Sueldos del Grupo E.,23431.31,,23431.31,23286.82
,,20,340,12006,Trienios.,51446.51,,51446.51,40829.52
,,20,340,12100,Complemento de destino.,113592.7,,113592.7,94370.1
,,20,340,12101,Complemento específico.,218786.16,,218786.16,278933.82
,,20,340,13000,Retribuciones básicas.,30647.29,,30647.29,25587.36
,,20,340,13002,Otras remuneraciones.,24079.29,,24079.29,25129.64
,,20,340,16000,Seguridad Social.,157698.9,,157698.9,171264.31
,,20,440,12000,Sueldos del Grupo A1.,15006.37,,15006.37,15511.81
,,20,440,12001,Sueldos del Grupo A2.,504.41,,504.41,170.96
,,20,440,12003,Sueldos del Grupo C1.,20068.87,,20068.87,19806.06
,,20,440,12004,Sueldos del Grupo C2.,69155.29,,69155.29,71600.61
,,20,440,12005,Sueldos del Grupo E.,93856.34,,93856.34,87605.33
,,20,440,12006,Trienios.,40340.62,,40340.62,31598.71
,,20,440,12100,Complemento de destino.,111608.27,,111608.27,86778.37
,,20,440,12101,Complemento específico.,182433.49,,182433.49,224591.95
,,20,440,13000,Retribuciones básicas.,353.0,,353.0,783.91
,,20,440,13002,Otras remuneraciones.,400.4,,400.4,
,,20,440,16000,Seguridad Social.,158883.29,,158883.29,169512.7
,,20,450,12000,Sueldos del Grupo A1.,134220.98,,134220.98,122015.8
,,20,450,12001,Sueldos del Grupo A2.,169968.6,,169968.6,169750.49
,,20,450,12003,Sueldos del Grupo C1.,121222.81,,121222.81,126071.25
,,20,450,12004,Sueldos del Grupo C2.,316283.7,,316283.7,287403.18
,,20,450,12005,Sueldos del Grupo E.,46862.57,,46862.57,45781.3
,,20,450,12006,Trienios.,160369.76,,160369.76,122571.01
,,20,450,12100,Complemento de destino.,442626.65,,442626.65,336209.26
,,20,450,12101,Complemento específico.,771016.47,,771016.47,849444.78
,,20,450,16000,Seguridad Social.,603331.0,,603331.0,589731.05
,,20,491,12000,Sueldos del Grupo A1.,14841.84,,14841.84,15400.99
,,20,491,12001,Sueldos del Grupo A2.,65539.48,,65539.48,67482.8
,,20,491,12003,Sueldos del Grupo C1.,60149.89,,60149.89,59744.64
,,20,491,12006,Trienios.,23152.92,,23152.92,19975.75
,,20,491,12100,Complemento de destino.,86869.26,,86869.26,75520.16
,,20,491,12101,Complemento específico.,148449.57,,148449.57,183158.67
,,20,491,16000,Seguridad Social.,100500.3,,100500.3,104434.46
,,20,491,22706,Estudios y trabajos técnicos.,30266.17,,30266.17,2450.25
,,20,491,22746,CONTRATOS ASISTENCIA EN PLANIFICACIÓN Y CONTROL,217433.02,,217433.02,140761.68
,,20,491,2274614,REM14./ CONTRATOS ASISTENCIA EN PLANIFICACIÓN Y CONTROL,,3881.49,3881.49,3881.49
,,20,491,64102,EQUIPOS Y DESARROLLOS EN WEB,100000.0,,100000.0,87025.62
,,20,491,6410214,REM./14 EQUIPOS Y DESARROLLOS EN WEB,,108942.35,108942.35,108942.35
,,20,493,12000,Sueldos del Grupo A1.,14841.85,,14841.85,15137.9
,,20,493,12004,Sueldos del Grupo C2.,8632.26,,8632.26,9302.17
,,20,493,12006,Trienios.,3604.5,,3604.5,3069.6
,,20,493,12100,Complemento de destino.,11659.6,,11659.6,9778.2
,,20,493,12101,Complemento específico.,16102.75,,16102.75,18528.11
,,20,493,16000,Seguridad Social.,15743.04,,15743.04,16394.1
,,20,912,10100,Retribuciones básicas.,132230.36,,132230.36,108942.21
,,20,912,10101,Otras remuneraciones.,360261.98,-43086.96,317175.02,274701.98
,,20,912,11000,Retribuciones básicas.,609822.8,,609822.8,624186.45
,,20,912,11001,Retribuciones complementarias.,177620.72,,177620.72,67464.71
,,20,912,12000,Sueldos del Grupo A1.,30499.68,,30499.68,16031.33
,,20,912,12001,Sueldos del Grupo A2.,13074.64,,13074.64,13416.96
,,20,912,12003,Sueldos del Grupo C1.,60260.69,,60260.69,59957.66
,,20,912,12004,Sueldos del Grupo C2.,179936.85,,179936.85,178670.75
,,20,912,12006,Trienios.,69410.56,,69410.56,49399.87
,,20,912,12100,Complemento de destino.,191894.98,,191894.98,141934.91
,,20,912,12101,Complemento específico.,447838.65,,447838.65,437336.5
,,20,912,16000,Seguridad Social.,574892.03,,574892.03,510271.12
,,20,912,23010,Del personal directivo.,15217.26,,15217.26,3205.92
,,20,912,23110,Del personal directivo.,13906.62,,13906.62,6655.52
,,20,920,12000,Sueldos del Grupo A1.,289035.68,,289035.68,292916.89
,,20,920,12001,Sueldos del Grupo A2.,87849.65,,87849.65,68312.09
,,20,920,12003,Sueldos del Grupo C1.,111884.3,,111884.3,109297.82
,,20,920,12004,Sueldos del Grupo C2.,429096.3,,429096.3,440680.39
,,20,920,12005,Sueldos del Grupo E.,356153.85,,356153.85,347701.65
,,20,920,12006,Trienios.,253060.32,,253060.32,204549.56
,,20,920,12100,Complemento de destino.,760283.93,,760283.93,597494.03
,,20,920,12101,Complemento específico.,1278057.68,,1278057.68,1480513.15
,,20,920,13000,Retribuciones básicas.,167.47,,167.47,341.61
,,20,920,13002,Otras remuneraciones.,168.49,,168.49,
,,20,920,13101,RETRIB. PERSONAL FOMENTO EMPLEO (TEMPOR. Y DISCONTINUOS),141258.07,236012.84,377270.91,377485.51
,,20,920,15000,PRODUCTIVIDAD,1765850.59,,1765850.59,1749337.53
,,20,920,15102,GRATIFICACIONES PERS. FUNCIONARIO,81931.06,,81931.06,87982.12
,,20,920,16000,Seguridad Social.,974501.6,77469.0,1051970.6,1094451.02
,,20,920,16200,Formación y perfeccionamiento del personal.,150000.0,3600.0,153600.0,107751.66
,,20,920,16202,Transporte de personal.,29200.0,,29200.0,25680.48
,,20,920,16203,QUEBRANTO DE MONEDA,26245.0,,26245.0,22922.0
,,20,920,16209,Otros gastos sociales.,,,,7.47
,,20,920,20200,ARRENDAMIENTOS EDIFICIOS Y OTRAS CONSTR.,121521.24,12000.0,133521.24,125013.65
,,20,920,20400,ARRENDAMIENTO MATERIAL DE TRANSPORTE,5220.0,,5220.0,
,,20,920,21300,"REPARAC. MANTEN, Y CONS.  MAQUIN.,INST. Y UTILLAJE.",10000.0,10000.0,20000.0,15928.92
,,20,920,21500,"REP.,MANT. Y CONSERV. MOBILIARIO Y ENSERES",3500.0,,3500.0,2203.29
,,20,920,22000,Ordinario no inventariable.,171440.61,-6000.0,165440.61,94189.67
,,20,920,22001,"Prensa, revistas, libros y otras publicaciones.",50050.0,,50050.0,51999.36
,,20,920,22102,Gas.,320.0,,320.0,
,,20,920,22104,Vestuario.,5000.0,,5000.0,2627.3
,,20,920,22106,Productos farmacéuticos y material sanitario.,,2000.0,2000.0,1184.63
,,20,920,22110,Productos de limpieza y aseo.,1400.0,,1400.0,291.69
,,20,920,22115,OTROS MATERIAL DE REPROGRAFÍA,14000.0,,14000.0,6345.07
,,20,920,22199,Otros suministros.,3700.0,,3700.0,11144.7
,,20,920,22200,Servicios de Telecomunicaciones.,319635.28,,319635.28,299838.96
,,20,920,2220014,REM14./ SERVICIOS DE TELECOMUNICACIONES,,19968.07,19968.07,19968.07
,,20,920,22201,Postales.,240000.0,-96000.0,144000.0,130742.9
,,20,920,22400,PRIMAS DE SEGUROS,40587.0,,40587.0,51059.34
,,20,920,22401,SEGURO DE RESPONSABILIDAD CIVIL,95535.0,,95535.0,99760.43
,,20,920,22603,Publicación en Diarios Oficiales.,37000.0,,37000.0,31337.1
,,20,920,22604,"Jurídicos, contenciosos.",60000.0,-10000.0,50000.0,9527.38
,,20,920,22607,Oposiciones y pruebas selectivas,30000.0,-2000.0,28000.0,6856.6
,,20,920,22611,GASTOS MENORES DE CONSERJERÍA,4500.0,,4500.0,3454.76
,,20,920,22614,INDEMNIZACIONES VARIAS,118000.0,-8000.0,110000.0,105602.26
,,20,920,22691,RECONOCIMIENTO DE CREDITO,,987.28,987.28,987.28
,,20,920,22699,Otros gastos diversos,30000.0,,30000.0,89555.08
,,20,920,22706,Estudios y trabajos técnicos.,48680.0,,48680.0,80363.36
,,20,920,2270614,REM./14 ESTUDIOS Y TRABAJOS TECNICOS,,9680.0,9680.0,9680.0
,,20,920,22719,EDICIONES,3600.0,,3600.0,203.7
,,20,920,22791,RECONOCIMIENTO CREDITO,,13310.0,13310.0,13310.0
,,20,920,22799,Otros trabajos realizados por otras empresas y profes.,140000.0,,140000.0,105431.34
,,20,920,23020,Del personal no directivo.,65983.32,3674.21,69657.53,11487.4
,,20,920,2302013,REM./13 Del personal no directivo.,,4392.6,4392.6,1863.4
,,20,920,2302014,REM./14 DIETAS DEL PERSONAL NO DIRECTIVO,,862.85,862.85,178.47
,,20,920,23120,Del personal no directivo.,42749.02,2325.79,45074.81,23652.7
,,20,920,2312013,REM./13 DEL PERSONAL NO DIRECTIVO,,1730.07,1730.07,1471.64
,,20,920,2312014,REM./14 LOCOMOCION DEL PERSONAL NO DIRECTIVO,,2337.95,2337.95,710.78
,,20,920,48903,APORTACION GASTOS SINDICALES,2637.59,,2637.59,2637.59
,,20,920,62300,"INV.NUEVA MAQUINARIA, INSTALACIONES Y UTILLAJE",25000.0,-13857.26,11142.74,4833.4
,,20,920,62500,INV.NUEVA MOBILIARIO Y ENSERES,7000.0,-3823.73,3176.27,3176.25
,,20,920,63200,INV.REPOS.EDIFICIOS Y OTRAS CONSTRUCCIONES,30000.0,49680.99,79680.99,61742.35
,,20,920,64000,GASTOS EN INVERSIONES DE CARACTER INMATERIAL,6000.0,-2531.82,3468.18,3468.18
,,20,920,83003,ANTICIP.PAGAS AL PERSONAL,40000.0,352288.1,392288.1,387850.15
,,20,922,22602,Publicidad y propaganda.,512000.0,-149278.65,362721.35,300905.73
,,20,922,22603,Publicación en Diarios Oficiales.,20000.0,,20000.0,
,,20,922,22691,RECONOCIMIENTO DE CREDITO,,41929.28,41929.28,41058.08
,,20,922,22746,CONTRATOS ASISTENCIA EN PLANIFICACIÓN Y CONTROL,130266.48,22639.19,152905.67,134804.7
,,20,924,12001,Sueldos del Grupo A2.,13074.65,,13074.65,13338.74
,,20,924,12006,Trienios.,534.16,,534.16,452.01
,,20,924,12100,Complemento de destino.,6261.51,,6261.51,5276.4
,,20,924,12101,Complemento específico.,8465.06,,8465.06,9718.63
,,20,924,16000,Seguridad Social.,8914.68,,8914.68,9192.35
,,20,924,22613,GASTOS ELECTORALES,58000.0,-16703.84,41296.16,17698.28
,,20,924,48900,OTRAS TRANSF.CORRIENTES A FAMILIAS E INST.SIN FINES DE LUCRO,30000.0,,30000.0,27792.22
,,20,925,12000,Sueldos del Grupo A1.,164.53,,164.53,5712.68
,,20,925,12001,Sueldos del Grupo A2.,3021.68,,3021.68,8580.12
,,20,925,12003,Sueldos del Grupo C1.,20068.9,,20068.9,14285.96
,,20,925,12004,Sueldos del Grupo C2.,25492.61,,25492.61,24568.65
,,20,925,12006,Trienios.,5770.92,,5770.92,5715.66
,,20,925,12100,Complemento de destino.,27267.14,,27267.14,25011.49
,,20,925,12101,Complemento específico.,38035.32,,38035.32,51881.45
,,20,925,16000,Seguridad Social.,41074.72,,41074.72,36591.05
,,20,925,21200,REPARAC. MANTENI. EDIFICIOS Y O.CONSTRUC,600.0,,600.0,599.26
,,20,925,21300,"REPARAC. MANTEN, Y CONS.  MAQUIN.,INST. Y UTILLAJE.",300.0,,300.0,300.0
,,20,925,22000,Ordinario no inventariable.,1000.0,,1000.0,
,,20,925,22001,"Prensa, revistas, libros y otras publicaciones.",1300.0,,1300.0,1305.35
,,20,925,22199,Otros suministros.,50.0,,50.0,999.76
,,20,925,22700,Limpieza y aseo.,14000.0,,14000.0,10219.11
,,20,925,22750,SERVICIOS DE ATENCION TELEFÓNICA,550969.11,,550969.11,549377.15
,,20,925,62500,INV.NUEVA MOBILIARIO Y ENSERES,1000.0,,1000.0,999.46
,,20,926,12000,Sueldos del Grupo A1.,59367.38,,59367.38,61457.55
,,20,926,12001,Sueldos del Grupo A2.,16264.44,,16264.44,19430.7
,,20,926,12003,Sueldos del Grupo C1.,110499.39,,110499.39,108443.13
,,20,926,12004,Sueldos del Grupo C2.,17042.66,,17042.66,17103.61
,,20,926,12006,Trienios.,47743.34,,47743.34,40131.08
,,20,926,12100,Complemento de destino.,128037.64,,128037.64,106792.6
,,20,926,12101,Complemento específico.,179881.92,,179881.92,237874.64
,,20,926,13000,Retribuciones básicas.,19972.22,,19972.22,18913.94
,,20,926,13002,Otras remuneraciones.,42932.67,,42932.67,22773.76
,,20,926,16000,Seguridad Social.,159966.62,,159966.62,172079.56
,,20,926,20600,ARRENDAMIENTO DE EQUIPOS PARA PROCESOS DE INFORMACION,200000.0,,200000.0,196265.99
,,20,926,21300,"REPARAC. MANTEN, Y CONS.  MAQUIN.,INST. Y UTILLAJE.",100.0,,100.0,
,,20,926,21600,REPARA. MANTEN. EQUIPOS PROCESOS INFORM.,300.0,,300.0,
,,20,926,22000,Ordinario no inventariable.,170.0,,170.0,4623.0
,,20,926,22001,"Prensa, revistas, libros y otras publicaciones.",60.0,,60.0,
,,20,926,22002,Material informático no inventariable.,9500.0,,9500.0,568.95
,,20,926,22199,Otros suministros.,2000.0,,2000.0,3853.48
,,20,926,22203,Informáticas.,24926.0,,24926.0,21432.08
,,20,926,22291,RECONOCIMIENTO DE CREDITO,,3535.2,3535.2,3535.2
,,20,926,22699,Otros gastos diversos,2500.0,1977.26,4477.26,3374.28
,,20,926,22706,Estudios y trabajos técnicos.,107280.0,-16000.0,91280.0,91010.15
,,20,926,2270614,REM./14 ESTUDIOS Y TRABAJOS TECNICOS,,31970.62,31970.62,31970.62
,,20,926,22799,Otros trabajos realizados por otras empresas y profes.,909405.56,-100080.93,809324.63,681643.03
,,20,926,2279914,REM./14 OTROS TRABAJOS REALIZADOS POR OTRAS EMPRESAS Y PROF.,,58718.24,58718.24,58718.24
,,20,926,62200,INV.NUEVA EDIFICIOS Y OTRAS CONSTRUCCIONES,60000.0,,60000.0,
,,20,926,6220014,REM14./ INV.NUEVA EDIFICIOS Y OTRAS CONSTRUCCIONES,,5812.32,5812.32,5812.32
,,20,926,62300,"INV.NUEVA MAQUINARIA, INSTALACIONES Y UTILLAJE",2500.0,,2500.0,2499.33
,,20,926,62600,INV.NUEVA EQUIPOS PARA PROCESOS DE INFORMACION,346620.0,-29000.0,317620.0,214589.83
,,20,926,6260011,REM./11 INV.NUEVA EQUIPOS PARA PROCESOS DE INFORMACION,,42391.08,42391.08,42391.08
,,20,926,6260014,REM./14INV.NUEVA EQUIPOS PARA PROCESOS DE INFORMACION,,349825.0,349825.0,349825.0
,,20,926,64100,ADQUISICIÓN DE SOFTWARE,538000.0,-50000.0,488000.0,137996.54
,,20,926,6410013,REM./13 ADQUISICIÓN DE SOFTWARE,,106094.0,106094.0,100000.0
,,20,926,6410014,REM./14 ADQUISICIÓN DE SOFTWARE,,699756.43,699756.43,299756.43
,,20,929,50000,FONDO DE CONTINGENCIA EJEC.PRESUPUESTARIA. ART 31 LO2/2012,100000.0,-100000.0,,
,,20,931,12000,Sueldos del Grupo A1.,96914.61,,96914.61,98839.32
,,20,931,12001,Sueldos del Grupo A2.,39152.96,,39152.96,43869.07
,,20,931,12003,Sueldos del Grupo C1.,40137.76,,40137.76,37169.05
,,20,931,12004,Sueldos del Grupo C2.,42585.47,,42585.47,40035.74
,,20,931,12006,Trienios.,48273.88,,48273.88,42139.85
,,20,931,12100,Complemento de destino.,145634.55,,145634.55,119262.38
,,20,931,12101,Complemento específico.,295154.46,,295154.46,351000.13
,,20,931,16000,Seguridad Social.,166407.73,,166407.73,175452.59
,,20,932,12000,Sueldos del Grupo A1.,74145.01,,74145.01,75601.3
,,20,932,12001,Sueldos del Grupo A2.,12906.52,,12906.52,12931.87
,,20,932,12003,Sueldos del Grupo C1.,93471.29,,93471.29,106864.79
,,20,932,12004,Sueldos del Grupo C2.,221836.85,,221836.85,192535.34
,,20,932,12005,Sueldos del Grupo E.,131.86,,131.86,173.58
,,20,932,12006,Trienios.,88788.71,,88788.71,66877.72
,,20,932,12100,Complemento de destino.,245784.36,,245784.36,188442.94
,,20,932,12101,Complemento específico.,329868.08,,329868.08,431008.47
,,20,932,13000,Retribuciones básicas.,9908.87,,9908.87,1157.2
,,20,932,13002,Otras remuneraciones.,10800.62,,10800.62,19979.49
,,20,932,16000,Seguridad Social.,297960.11,,297960.11,308136.89
,,20,933,21200,REPARAC. MANTENI. EDIFICIOS Y O.CONSTRUC,75000.0,28203.84,103203.84,88518.52
,,20,933,22400,PRIMAS DE SEGUROS,69799.23,,69799.23,70560.0
,,20,933,22501,Tributos de las Comunidades Autónomas.,40.0,,40.0,
,,20,933,22502,Tributos de las Entidades locales.,33239.26,176418.89,209658.15,208851.2
,,20,933,22700,Limpieza y aseo.,600956.9,,600956.9,589207.74
,,20,933,22701,Seguridad.,608779.27,,608779.27,600386.95
,,20,933,22799,Otros trabajos realizados por otras empresas y profes.,44276.84,,44276.84,37086.5
,,20,933,6250014,REM14./ INV.NUEVA MOBILIARIO Y ENSERES,,9922.0,9922.0,9922.0
,,20,933,63200,INV.REPOS.EDIFICIOS Y OTRAS CONSTRUCCIONES,,4722.78,4722.78,4722.78
,,20,933,6320014,REM./14 INV.REPOS.EDIFICIOS Y OTRAS CONSTRUCCIONES,,36755.59,36755.59,36755.59
,,20,934,12000,Sueldos del Grupo A1.,103854.5,,103854.5,102651.34
,,20,934,12001,Sueldos del Grupo A2.,13074.65,,13074.65,13743.99
,,20,934,12003,Sueldos del Grupo C1.,120765.9,,120765.9,111979.24
,,20,934,12004,Sueldos del Grupo C2.,204756.92,,204756.92,203609.01
,,20,934,12006,Trienios.,116207.06,,116207.06,88532.28
,,20,934,12100,Complemento de destino.,274790.57,,274790.57,210954.9
,,20,934,12101,Complemento específico.,448357.8,,448357.8,536477.15
,,20,934,13000,Retribuciones básicas.,228.46,,228.46,443.51
,,20,934,13002,Otras remuneraciones.,205.29,,205.29,
,,20,934,16000,Seguridad Social.,327152.9,,327152.9,332744.74
,,20,1522,12000,Sueldos del Grupo A1.,89215.56,,89215.56,83459.48
,,20,1522,12001,Sueldos del Grupo A2.,65372.3,,65372.3,51487.49
,,20,1522,12004,Sueldos del Grupo C2.,68170.62,,68170.62,67447.63
,,20,1522,12006,Trienios.,32833.06,,32833.06,24216.26
,,20,1522,12100,Complemento de destino.,121994.38,,121994.38,87196.61
,,20,1522,12101,Complemento específico.,208619.74,4477.49,213097.23,239104.34
,,20,1522,16000,Seguridad Social.,150412.39,,150412.39,145982.41
,,20,3321,12000,Sueldos del Grupo A1.,14677.32,,14677.32,17988.26
,,20,3321,12001,Sueldos del Grupo A2.,130693.88,,130693.88,118450.13
,,20,3321,12003,Sueldos del Grupo C1.,140391.82,,140391.82,140722.16
,,20,3321,12004,Sueldos del Grupo C2.,59646.91,,59646.91,61731.78
,,20,3321,12006,Trienios.,53244.76,,53244.76,44365.55
,,20,3321,12100,Complemento de destino.,182600.66,,182600.66,144645.2
,,20,3321,12101,Complemento específico.,363651.98,,363651.98,429463.68
,,20,3321,16000,Seguridad Social.,249299.2,,249299.2,256204.79
,,20,3322,12000,Sueldos del Grupo A1.,14840.93,,14840.93,15598.32
,,20,3322,12001,Sueldos del Grupo A2.,39222.07,,39222.07,40150.55
,,20,3322,12004,Sueldos del Grupo C2.,25563.19,,25563.19,18568.54
,,20,3322,12006,Trienios.,24268.37,,24268.37,18156.76
,,20,3322,12100,Complemento de destino.,45069.76,,45069.76,33136.36
,,20,3322,12101,Complemento específico.,65658.53,,65658.53,71010.62
,,20,3322,16000,Seguridad Social.,55856.76,,55856.76,51510.92
,,20,3331,12000,Sueldos del Grupo A1.,118568.41,,118568.41,107802.77
,,20,3331,12001,Sueldos del Grupo A2.,104594.41,,104594.41,93411.42
,,20,3331,12003,Sueldos del Grupo C1.,70236.09,,70236.09,73152.94
,,20,3331,12004,Sueldos del Grupo C2.,110489.4,,110489.4,102016.46
,,20,3331,12005,Sueldos del Grupo E.,8205.96,,8205.96,8486.98
,,20,3331,12006,Trienios.,81723.04,,81723.04,66718.83
,,20,3331,12100,Complemento de destino.,236874.39,,236874.39,178500.0
,,20,3331,12101,Complemento específico.,546699.16,,546699.16,585672.23
,,20,3331,13000,Retribuciones básicas.,9535.16,,9535.16,8517.55
,,20,3331,13002,Otras remuneraciones.,16829.16,,16829.16,18321.51
,,20,3331,16000,Seguridad Social.,340397.98,,340397.98,326398.68
,,20,3343,12000,Sueldos del Grupo A1.,,,,2454.53
,,20,3343,12001,Sueldos del Grupo A2.,549390.12,,549390.12,559163.14
,,20,3343,12005,Sueldos del Grupo E.,84.24,,84.24,167.0
,,20,3343,12006,Trienios.,99970.95,,99970.95,86908.68
,,20,3343,12100,Complemento de destino.,252093.16,,252093.16,208537.22
,,20,3343,12101,Complemento específico.,386738.9,,386738.9,449467.29
,,20,3343,16000,Seguridad Social.,357153.39,,357153.39,367494.41
,,20,4312,12004,Sueldos del Grupo C2.,8664.08,,8664.08,7140.05
,,20,4312,12005,Sueldos del Grupo E.,70293.92,,70293.92,69353.97
,,20,4312,12006,Trienios.,9383.56,,9383.56,7083.36
,,20,4312,12100,Complemento de destino.,39038.74,,39038.74,29458.67
,,20,4312,12101,Complemento específico.,66586.41,,66586.41,88729.24
,,20,4312,13000,Retribuciones básicas.,33502.25,,33502.25,28300.23
,,20,4312,13002,Otras remuneraciones.,41401.4,,41401.4,47678.27
,,20,4312,16000,Seguridad Social.,76547.37,,76547.37,82416.3
,,20,9239,22746,CONTRATOS ASISTENCIA EN PLANIFICACIÓN Y CONTROL,228000.0,-110000.0,118000.0,8574.25
,,20,9321,12000,Sueldos del Grupo A1.,36857.82,,36857.82,21022.43
,,20,9321,12003,Sueldos del Grupo C1.,10034.45,,10034.45,10211.83
,,20,9321,12004,Sueldos del Grupo C2.,8521.33,,8521.33,8710.94
,,20,9321,12006,Trienios.,16879.17,,16879.17,10868.04
,,20,9321,12100,Complemento de destino.,40982.15,,40982.15,22720.41
,,20,9321,12101,Complemento específico.,104118.81,,104118.81,76684.68
,,20,9321,16000,Seguridad Social.,38618.28,,38618.28,20913.24
,,20,9321,21300,"REPARAC. MANTEN, Y CONS.  MAQUIN.,INST. Y UTILLAJE.",50.0,,50.0,
,,20,9321,22000,Ordinario no inventariable.,100.0,,100.0,124.81
,,20,9321,22001,"Prensa, revistas, libros y otras publicaciones.",400.0,,400.0,
,,20,9321,22201,Postales.,50.0,,50.0,
,,20,9321,22699,Otros gastos diversos,100.0,,100.0,
,,20,9321,22700,Limpieza y aseo.,5330.6,,5330.6,3050.25
,,20,9321,22799,Otros trabajos realizados por otras empresas y profes.,92.68,,92.68,74.34
,,21,931,20300,ARRENDAMIENTO MAQUIN. INSTALAC. Y UTILL.,4319.16,,4319.16,3959.23
,,21,931,22000,Ordinario no inventariable.,15000.0,,15000.0,15049.45
,,21,931,22001,"Prensa, revistas, libros y otras publicaciones.",100.0,,100.0,329.43
,,21,931,22201,Postales.,300000.0,105000.0,405000.0,354241.55
,,21,931,22602,Publicidad y propaganda.,28000.0,,28000.0,33593.23
,,21,931,22603,Publicación en Diarios Oficiales.,12000.0,,12000.0,2549.55
,,21,931,22638,GTOS.RECAUDAT.INCLUYE DEV.ING.INDEBIDOS,12000.0,,12000.0,11119.35
,,21,931,22699,Otros gastos diversos,2800.0,,2800.0,4780.93
,,21,931,22706,Estudios y trabajos técnicos.,80000.0,,80000.0,39064.76
,,21,931,2270614,REM./14 ESTUDIOS Y TRABAJOS TECNICOS,,4987.5,4987.5,4987.5
,,21,931,22799,Otros trabajos realizados por otras empresas y profes.,30935.01,,30935.01,30931.8
,,30,151,20300,ARRENDAMIENTO MAQUIN. INSTALAC. Y UTILL.,50.0,,50.0,
,,30,151,21200,REPARAC. MANTENI. EDIFICIOS Y O.CONSTRUC,3000.0,2000.0,5000.0,4841.19
,,30,151,21300,"REPARAC. MANTEN, Y CONS.  MAQUIN.,INST. Y UTILLAJE.",300.0,1000.0,1300.0,629.2
,,30,151,21500,"REP.,MANT. Y CONSERV. MOBILIARIO Y ENSERES",1000.0,,1000.0,199.65
,,30,151,22000,Ordinario no inventariable.,16000.0,,16000.0,7609.45
,,30,151,22001,"Prensa, revistas, libros y otras publicaciones.",1500.0,,1500.0,1010.46
,,30,151,22103,Combustibles y carburantes.,7525.0,,7525.0,3436.0
,,30,151,22104,Vestuario.,120.0,,120.0,
,,30,151,22199,Otros suministros.,300.0,,300.0,162.0
,,30,151,22201,Postales.,2300.38,54030.0,56330.38,37982.33
,,30,151,22602,Publicidad y propaganda.,16000.0,,16000.0,6788.1
,,30,151,2260214,REM./14 PUBLICIDAD Y PROPAGANDA,,2069.1,2069.1,2069.1
,,30,151,22603,Publicación en Diarios Oficiales.,5000.0,22272.98,27272.98,24354.86
,,30,151,22604,"Jurídicos, contenciosos.",,21175.0,21175.0,21175.0
,,30,151,22606,"Reuniones, conferencias y cursos.",1000.0,-1000.0,,
,,30,151,2261213,REM./13 INDEMNIZACIONES PARQUE OFIMATICO,,22719.57,22719.57,12238.21
,,30,151,22614,INDEMNIZACIONES VARIAS,58870.95,,58870.95,56201.92
,,30,151,2261713,REM./13 OTROS GASTOS DIV. CUENTA LIQUID. PARQUE OFIMATICO,,587535.17,587535.17,
,,30,151,2261714,REM./14 OTROS GASTOS DIV. CTA LIQUIDACION PARQUE OFIMATICO,,6120.09,6120.09,
,,30,151,22622,CAMPAÑAS INFORMATIVAS CURSOS Y OTROS,1000.0,-1000.0,,
,,30,151,22685,GASTOS POR ACTUACIONES SUBSIDIARIAS,1.0,25598.71,25599.71,
,,30,151,2268514,REM./14 GASTOS POR ACTUACIONES SUBSIDIARIAS,,37345.88,37345.88,37345.88
,,30,151,22699,Otros gastos diversos,33000.0,-6000.0,27000.0,6754.64
,,30,151,22700,Limpieza y aseo.,71134.0,,71134.0,71013.24
,,30,151,22706,Estudios y trabajos técnicos.,220623.77,-43447.98,177175.79,89942.03
,,30,151,2270614,REM./14 ESTUDIOS Y TRABAJOS TECNICOS,,105754.44,105754.44,78831.94
,,30,151,22719,EDICIONES,1200.0,,1200.0,
,,30,151,22799,Otros trabajos realizados por otras empresas y profes.,6500.0,,6500.0,5106.15
,,30,151,60005,ADQUISICION TERRENOS,2689834.76,100000.0,2789834.76,2393722.7
,,30,151,6000511,REM./11 ADQUISICION DE TERRENOS,,6376.88,6376.88,
,,30,151,6000513,REM./13 ADQUISICION TERRENOS,,39364.64,39364.64,
,,30,151,6000514,REM./14 ADQUISICION TERRENOS,,13974.42,13974.42,
,,30,151,60906,INV.NUEVA-CUOTAS URBANIZACIÓN,10000.0,-850.0,9150.0,
,,30,151,6090612,REM./12 INV.NUEVA-CUOTAS URBANIZACIÓN,,33587.55,33587.55,2347.92
,,30,151,6090614,REM./14 INV.NUEVA-CUOTAS URBANIZACIÓN,,42350.0,42350.0,
,,30,151,60907,INV.NUEVA-OBRAS DE URBANIZACION,6325397.68,-54030.0,6271367.68,3340428.89
,,30,151,6090713,REM./13 INV.NUEVA-OBRAS DE URBANIZACION,,4176.46,4176.46,4176.46
,,30,151,6090714,REM./14 INV.NUEVA-OBRAS DE URBANIZACION,,505034.45,505034.45,492729.11
,,30,151,62300,"INV.NUEVA MAQUINARIA, INSTALACIONES Y UTILLAJE",390.0,850.0,1240.0,695.75
,,30,160,21000,"REP.,MANT.Y CONSERV.INFRAEST.Y BIENES",600935.0,,600935.0,600000.0
,,30,160,22199,Otros suministros.,3000.0,-1000.0,2000.0,1256.89
,,30,160,22706,Estudios y trabajos técnicos.,25000.0,-1000.0,24000.0,20975.0
,,30,160,2270614,REM./14 ESTUDIOS Y TRABAJOS TECNICOS,,4997.3,4997.3,4997.3
,,30,160,62200,INV.NUEVA EDIFICIOS Y OTRAS CONSTRUCCIONES,20000.0,26087.89,46087.89,44894.65
,,30,160,62203,PLAN OBRAS Y SERVICIOS Y PLAN 2000 DIPUTACIÓN,234150.14,,234150.14,
,,30,160,6220314,REM./14 PLAN OBRAS Y SERVICIOS Y PLAN 2000 DIPUTACIÓN,,246170.0,246170.0,236195.12
,,30,160,62900,OT.INV. NUEVAS ASOCIADAS AL FUNCIONAMIENTO DE LOS SERVICIOS,250000.0,-40087.89,209912.11,102215.34
,,30,160,6290013,REM./13 OT.INV. NUEVAS ASOCIADAS AL FUN. DE LOS SERV.,,2853.18,2853.18,2853.18
,,30,160,63900,OTRA INVERSION DE REPOS. ASOCIADA AL FUNCIONAM. OPER.SERV.,45000.0,56973.66,101973.66,25046.67
,,30,161,2270614,REM./14 ESTUDIOS Y TRABAJOS TECNICOS,,,,
,,30,165,21000,"REP.,MANT.Y CONSERV.INFRAEST.Y BIENES",120000.0,-44886.07,75113.93,72243.95
,,30,165,22100,Energía eléctrica.,2209128.18,497144.81,2706272.99,2741925.81
,,30,165,2210014,REM./14  ENERGIA ELECTRICA,,22548.88,22548.88,22548.88
,,30,165,22199,Otros suministros.,73000.0,,73000.0,
,,30,165,2219914,REM./14 Otros suministros.,,70000.0,70000.0,69999.87
,,30,165,22699,Otros gastos diversos,594347.93,-141805.0,452542.93,170898.75
,,30,165,22706,Estudios y trabajos técnicos.,50000.0,-22399.03,27600.97,4650.19
,,30,165,2270614,REM./14 ESTUDIOS Y TRABAJOS TECNICOS,,54898.36,54898.36,54898.36
,,30,165,22799,Otros trabajos realizados por otras empresas y profes.,1331425.54,-105516.32,1225909.22,1215279.44
,,30,165,60909,PROYECTOS DE ALUMBRADO DE VIAS PUBLICAS,1466056.1,-255973.66,1210082.44,610296.08
,,30,165,6090913,REM./13 PROYECTOS DE ALUMBRADO DE VIAS PUBLICAS,,45899.41,45899.41,45899.41
,,30,165,6090914,REM./14 PROYECTOS DE ALUMBRADO DE VIAS PUBLICAS,,273751.16,273751.16,273751.14
,,30,165,61900,OTRAS INV.REPOS.EN INFRAESTRUCTURAS Y BIENES,928903.66,-183236.89,745666.77,23763.11
,,30,165,6190014,REM./14 OTRAS INV.REPOS.EN INFRAESTRUCTURAS Y BIENES,,301673.0,301673.0,
,,30,165,62300,"INV.NUEVA MAQUINARIA, INSTALACIONES Y UTILLAJE",3000.0,-3000.0,,
,,30,453,7200407,REM./07 AL MINISTERIO DE FOMENTO,,339946.86,339946.86,
,,30,453,7200408,REM./08 AL MINISTERIO DE FOMENTO,,2000000.0,2000000.0,
,,30,453,7200409,REM./09 AL MINISTERIO DE FOMENTO,,2000000.0,2000000.0,
,,30,453,7200410,REM./10 AL MINISTERIO DE FOMENTO,,773192.26,773192.26,
,,30,459,60907,INV.NUEVA-OBRAS DE URBANIZACION,2700000.0,,2700000.0,1026319.79
,,30,459,6090714,REM./14 INV.NUEVA-OBRAS DE URBANIZACION,,271626.23,271626.23,271626.23
,,30,920,20300,ARRENDAMIENTO MAQUIN. INSTALAC. Y UTILL.,100.0,6480.46,6580.46,1192.12
,,30,920,20400,ARRENDAMIENTO MATERIAL DE TRANSPORTE,59085.98,,59085.98,59085.96
,,30,920,21300,"REPARAC. MANTEN, Y CONS.  MAQUIN.,INST. Y UTILLAJE.",3800.0,900.0,4700.0,2478.74
,,30,920,21400,REPARAC. MANTEN. Y CONSERV.  MATERIAL TRANSPORTE,17000.0,-6003.17,10996.83,10720.62
,,30,920,21500,"REP.,MANT. Y CONSERV. MOBILIARIO Y ENSERES",1.0,-1.0,,
,,30,920,22000,Ordinario no inventariable.,5000.0,,5000.0,4766.5
,,30,920,22001,"Prensa, revistas, libros y otras publicaciones.",350.0,-282.4,67.6,67.6
,,30,920,22100,Energía eléctrica.,3790871.82,-93251.93,3697619.89,2797819.2
,,30,920,2210014,REM./14  ENERGIA ELECTRICA,,351361.05,351361.05,349963.03
,,30,920,22103,Combustibles y carburantes.,210000.0,,210000.0,143855.25
,,30,920,2210314,REM./14 COMBUSTIBLES Y CARBURANTES,,14877.09,14877.09,14860.78
,,30,920,22104,Vestuario.,2800.0,,2800.0,6831.51
,,30,920,22110,Productos de limpieza y aseo.,3500.0,-432.36,3067.64,1132.65
,,30,920,22111,"Sumin. de repuestos de maquinaria, utillaje y elemtos tpte.",7800.0,-3256.93,4543.07,2544.3
,,30,920,22114,OTROS MATERIAL TALLERES,18000.0,-13464.43,4535.57,261.29
,,30,920,22191,RECONOCIMIENTO DE CREDITO,,146617.58,146617.58,146617.58
,,30,920,22199,Otros suministros.,,,,347.41
,,30,920,22500,Tributos estatales.,1.0,-1.0,,
,,30,920,22602,Publicidad y propaganda.,2500.0,,2500.0,3194.4
,,30,920,22610,"MATRICULACIONES, ITV Y OTROS GASTOS PARQUE MOVIL",3500.0,,3500.0,3117.11
,,30,920,22699,Otros gastos diversos,5000.0,,5000.0,1156.74
,,30,920,22706,Estudios y trabajos técnicos.,778578.66,-92336.58,686242.08,298663.8
,,30,920,2270614,REM./14 ESTUDIOS Y TRABAJOS TECNICOS,,100352.77,100352.77,91388.49
,,30,920,22799,Otros trabajos realizados por otras empresas y profes.,70000.0,-51977.05,18022.95,18022.94
,,30,920,62300,"INV.NUEVA MAQUINARIA, INSTALACIONES Y UTILLAJE",5000.0,2227.0,7227.0,5042.25
,,30,920,62500,INV.NUEVA MOBILIARIO Y ENSERES,5000.0,-4000.0,1000.0,555.63
,,30,920,63200,INV.REPOS.EDIFICIOS Y OTRAS CONSTRUCCIONES,5000.0,-5000.0,,
,,30,920,64100,ADQUISICIÓN DE SOFTWARE,4897.38,-4897.38,,
,,30,933,21200,REPARAC. MANTENI. EDIFICIOS Y O.CONSTRUC,369520.54,116476.2,485996.74,387247.04
,,30,933,21500,"REP.,MANT. Y CONSERV. MOBILIARIO Y ENSERES",700.0,,700.0,
,,30,933,22103,Combustibles y carburantes.,1.0,,1.0,
,,30,933,22199,Otros suministros.,500.0,,500.0,475.62
,,30,933,22706,Estudios y trabajos técnicos.,50000.0,-8547.82,41452.18,36156.12
,,30,933,2270614,REM./14 ESTUDIOS Y TRABAJOS TECNICOS,,13426.16,13426.16,13426.16
,,30,933,22799,Otros trabajos realizados por otras empresas y profes.,100.0,2633.5,2733.5,
,,30,933,60900,OBRAS DE INVERSIONES,109900.0,-19425.14,90474.86,89833.75
,,30,933,6090014,REM./14 OBRAS DE INVERSIONES,,31206.5,31206.5,31206.5
,,30,1522,20200,ARRENDAMIENTOS EDIFICIOS Y OTRAS CONSTR.,26000.0,600.0,26600.0,26515.07
,,30,1522,21000,"REP.,MANT.Y CONSERV.INFRAEST.Y BIENES",1.0,,1.0,
,,30,1522,21200,REPARAC. MANTENI. EDIFICIOS Y O.CONSTRUC,42000.0,33750.0,75750.0,45824.36
,,30,1522,22000,Ordinario no inventariable.,4000.0,,4000.0,2915.88
,,30,1522,2200013,REM./13 ORDINARIO NO INVENTARIABLE,,192.15,192.15,
,,30,1522,22001,"Prensa, revistas, libros y otras publicaciones.",120.0,,120.0,
,,30,1522,22102,Gas.,38257.53,14000.0,52257.53,40728.03
,,30,1522,2210214,REM./2014 Gas.,,10842.79,10842.79,10755.54
,,30,1522,22602,Publicidad y propaganda.,14000.0,-14000.0,,
,,30,1522,2260212,REM./12 PUBLICIDAD Y PROPAGANDA,,12338.0,12338.0,
,,30,1522,22606,"Reuniones, conferencias y cursos.",7000.0,-1000.0,6000.0,8254.5
,,30,1522,22685,GASTOS POR ACTUACIONES SUBSIDIARIAS,1.0,,1.0,
,,30,1522,22699,Otros gastos diversos,50000.0,-3408.94,46591.06,44174.35
,,30,1522,22700,Limpieza y aseo.,38000.0,,38000.0,35121.69
,,30,1522,22706,Estudios y trabajos técnicos.,50000.0,5408.94,55408.94,43029.5
,,30,1522,2270612,REM./12 ESTUDIOS Y TRABAJOS TECNICOS,,12075.0,12075.0,6504.96
,,30,1522,2270614,REM./14 ESTUDIOS Y TRABAJOS TECNICOS,,49658.84,49658.84,16658.84
,,30,1522,22719,EDICIONES,,7000.0,7000.0,
,,30,1522,22799,Otros trabajos realizados por otras empresas y profes.,27000.0,30000.0,57000.0,24077.44
,,30,1522,6090013,REM./13 OBRAS DE INVERSIONES,,189209.02,189209.02,186148.87
,,30,1522,6090014,REM./14 OBRAS DE INVERSIONES,,11857.5,11857.5,11857.5
,,30,1522,60907,INV.NUEVA-OBRAS DE URBANIZACION,750000.0,,750000.0,150000.0
,,30,1522,6090713,REM./13 INV.NUEVA-OBRAS DE URBANIZACION,,38304.68,38304.68,
,,30,1522,6090714,REM./14 INV.NUEVA-OBRAS DE URBANIZACION,,45844.26,45844.26,
,,30,1522,60911,MOBILIARIO URBANO EN ESPACIOS PUBLICOS,30000.0,-30000.0,,
,,30,1522,6260012,REM./12 INV.NUEVA EQUIPOS PARA PROCESOS DE INFORMACION,,4399.06,4399.06,
,,30,1522,6260013,REM./13 INV.NUEVA EQUIPOS PARA PROCESOS DE INFORMACION,,2456.45,2456.45,
,,30,1522,63200,INV.REPOS.EDIFICIOS Y OTRAS CONSTRUCCIONES,60000.0,44000.0,104000.0,93201.05
,,30,1522,77900,OTRAS TRANSF. DE CAPITAL A EMPRESAS PRIVADAS,20000.0,-20000.0,,
,,30,1522,78001,SUBVENCIONES REHABILITACIÓN VIVIENDAS,800000.0,-61141.06,738858.94,153122.04
,,30,1522,7800114,REM./14 SUBVENCIONES REHABILITACIÓN VIVIENDAS,,528852.22,528852.22,491951.28
,,30,1522,78004,SUBVENCIONES ACCESIBILIDAD,1150000.0,,1150000.0,738496.54
,,30,1522,7800413,REM./13 SUBVENCIONES ACCESIBILIDAD,,63851.19,63851.19,
,,30,1522,7800414,REM./14 SUBVENCIONES ACCESIBILIDAD,,943300.06,943300.06,787911.75
,,30,1522,78010,CONVENIO AYTO-IGVS-Mº FOMENTO AREAS DE REHABILITACION,1445000.0,542545.84,1987545.84,1017223.32
,,30,1522,7801011,REM./11 CONVENIO AYTO-IGVS-Mº FOMENTO AREAS DE REHAB.,,50189.98,50189.98,50189.98
,,30,1522,7801012,REM./12CONVENIO AYTO-IGVS-Mº FOMENTO AREAS DE REHABILITACION,,135088.42,135088.42,
,,30,1522,7801013,REM./13CONVENIO AYTO-IGVS-Mº FOMENTO AREAS DE REHAB.,,2707.14,2707.14,
,,30,1522,7801014,REM./14 CONVENIO AYTO-IGVS-Mº FOMENTO AREAS REHABILITACION,,65461.39,65461.39,40270.75
,,30,1522,78900,A familias e instituciones sin fines de lucro.,60000.0,21766.06,81766.06,31908.81
,,30,1522,7890014,REM./14 A FAMILIAS E INSTITUCIONES SIN FINES DE LUCRO,,26658.19,26658.19,25692.71
,,30,1532,60907,INV.NUEVA-OBRAS DE URBANIZACION,9162587.26,-264758.56,8897828.7,8441420.68
,,30,1532,6090713,REM./13 INV.NUEVA-OBRAS DE URBANIZACION,,245445.07,245445.07,245444.8
,,30,1532,6090714,REM./14 INV.NUEVA-OBRAS DE URBANIZACION,,1272062.88,1272062.88,1114232.51
,,30,1532,6090813,REM./13 INVERSION NUEVA. OBRAS URB.:PLAN MOVILIDAD.URBANA C.,,20440.65,20440.65,20368.44
,,30,1532,60911,MOBILIARIO URBANO EN ESPACIOS PUBLICOS,30000.0,59900.0,89900.0,52164.98
,,30,1532,6091114,REM./14 MOBILIARIO URBANO EN ESPACIOS PUBLICOS,,6693.15,6693.15,6693.15
,,30,1532,61900,OTRAS INV.REPOS.EN INFRAESTRUCTURAS Y BIENES,3000.0,,3000.0,
,,30,1532,61907,INV.REPOS.-OBRAS DE URBANIZACIÓN,964613.39,121810.93,1086424.32,1036424.31
,,30,1532,6190714,REM./14 INV.REPOS.-OBRAS DE URBANIZACIÓN,,210012.36,210012.36,210012.36
,,30,1532,72300,TRANSFERENCIA DE CAPITAL A  AUTORIDAD PORTUARIA DE A CORUÑA,10593387.62,,10593387.62,2693578.53
,,30,1532,7230014,REM./14 TRANSF CAPITAL A  AUTORIDAD PORT.  A CORUÑA,,3245197.31,3245197.31,3245197.31
,,30,1532,7510014,REM./14 TRANSF DE CAPITAL A OOAA Y AGENCIAS DE LAS CCAA,,146279.0,146279.0,113762.29
,,30,1539,21000,"REP.,MANT.Y CONSERV.INFRAEST.Y BIENES",3731160.35,189205.0,3920365.35,3821153.24
,,30,1539,2100014,"REM14./ REP.,MANT.Y CONSERV.INFRAEST.Y BIENES",,34968.75,34968.75,34968.75
,,30,1539,22199,Otros suministros.,18000.0,-1500.0,16500.0,15628.53
,,30,1539,22699,Otros gastos diversos,1800.0,-731.72,1068.28,1068.28
,,30,1539,22706,Estudios y trabajos técnicos.,629648.64,-179020.04,450628.6,327506.38
,,30,1539,2270614,REM./14 ESTUDIOS Y TRABAJOS TECNICOS,,566111.31,566111.31,549348.39
,,30,1539,22799,Otros trabajos realizados por otras empresas y profes.,50000.0,,50000.0,16095.64
,,31,160,20300,ARRENDAMIENTO MAQUIN. INSTALAC. Y UTILL.,160000.0,,160000.0,143905.46
,,31,160,21200,REPARAC. MANTENI. EDIFICIOS Y O.CONSTRUC,8500.0,,8500.0,2330.87
,,31,160,21300,"REPARAC. MANTEN, Y CONS.  MAQUIN.,INST. Y UTILLAJE.",17000.0,45000.0,62000.0,47676.45
,,31,160,2130014,"REPARAC. MANTEN, Y CONS.  MAQUIN.,INST. Y UTILLAJE.",,10037.86,10037.86,10037.86
,,31,160,22706,Estudios y trabajos técnicos.,20000.0,10000.0,30000.0,30472.51
,,31,160,22718,MANTENIMIENTO ASEOS PUBLICOS,255291.42,,255291.42,255075.54
,,31,160,22730,MANTENIMIENTO RED DE ALCANTARILLADO,703821.12,50000.0,753821.12,816798.78
,,31,160,22739,MANTENIMIENTO BOMBEOS ALCANTARILLADO,206043.95,,206043.95,207200.37
,,31,160,22748,MANTENIMIENTO TELEGESTIÓN DEL SANEAMIENTO,80705.04,-20000.0,60705.04,29498.64
,,31,160,22799,Otros trabajos realizados por otras empresas y profes.,67500.0,,67500.0,1754.5
,,31,160,60900,OBRAS DE INVERSIONES,80000.0,35000.0,115000.0,47508.57
,,31,160,6090014,REM./14 OBRAS DE INVERSIONES,,41079.5,41079.5,
,,31,160,62300,"INV.NUEVA MAQUINARIA, INSTALACIONES Y UTILLAJE",75000.0,36900.0,111900.0,28915.01
,,31,160,6230012,"REM./12 INV.NUEVA MAQUINARIA, INSTALACIONES Y UTILLAJE",,65884.5,65884.5,63605.13
,,31,160,6320014,REM./14 INV.REPOS.EDIFICIOS Y OTRAS CONSTRUCCIONES,,46662.56,46662.56,46662.56
,,31,163,21200,REPARAC. MANTENI. EDIFICIOS Y O.CONSTRUC,1000.0,,1000.0,
,,31,163,22715,CONTRATO LIMPIEZA VIARIA,10266324.58,10983.87,10277308.45,10221339.05
,,31,164,20300,ARRENDAMIENTO MAQUIN. INSTALAC. Y UTILL.,1000.0,,1000.0,5997.61
,,31,164,20400,ARRENDAMIENTO MATERIAL DE TRANSPORTE,6000.0,,6000.0,
,,31,164,21000,"REP.,MANT.Y CONSERV.INFRAEST.Y BIENES",12000.0,,12000.0,13107.31
,,31,164,21200,REPARAC. MANTENI. EDIFICIOS Y O.CONSTRUC,20000.0,,20000.0,9874.75
,,31,164,21300,"REPARAC. MANTEN, Y CONS.  MAQUIN.,INST. Y UTILLAJE.",5500.0,,5500.0,5871.72
,,31,164,21400,REPARAC. MANTEN. Y CONSERV.  MATERIAL TRANSPORTE,1500.0,,1500.0,581.11
,,31,164,22000,Ordinario no inventariable.,100.0,,100.0,
,,31,164,22104,Vestuario.,4000.0,500.0,4500.0,5346.97
,,31,164,22110,Productos de limpieza y aseo.,700.0,,700.0,688.63
,,31,164,22199,Otros suministros.,4800.0,,4800.0,4019.66
,,31,164,22610,"MATRICULACIONES, ITV Y OTROS GASTOS PARQUE MOVIL",100.0,,100.0,46.55
,,31,164,22614,INDEMNIZACIONES VARIAS,100.0,,100.0,965.58
,,31,164,22699,Otros gastos diversos,18000.0,5000.0,23000.0,19850.4
,,31,164,22700,Limpieza y aseo.,17700.0,,17700.0,17700.0
,,31,164,22744,CONTRATACION SERVICIOS FUNERARIOS,123989.62,,123989.62,123849.24
,,31,164,22799,Otros trabajos realizados por otras empresas y profes.,5100.0,,5100.0,4130.69
,,31,164,61900,OTRAS INV.REPOS.EN INFRAESTRUCTURAS Y BIENES,83000.0,-5000.0,78000.0,16824.99
,,31,164,6190014,REM./14 OTRAS INV.REPOS.EN INFRAESTRUCTURAS Y BIENES,,14720.0,14720.0,14720.0
,,31,164,62300,"INV.NUEVA MAQUINARIA, INSTALACIONES Y UTILLAJE",77000.0,5000.0,82000.0,25637.16
,,31,164,6320012,REM./12 INV.REPOS.EDIFICIOS Y OTRAS CONSTRUCCIONES,,6012.96,6012.96,6012.96
,,31,164,6320014,REM./14 INV.REPOS.EDIFICIOS Y OTRAS CONSTRUCCIONES,,95016.67,95016.67,68373.13
,,31,170,21400,REPARAC. MANTEN. Y CONSERV.  MATERIAL TRANSPORTE,1500.0,,1500.0,405.7
,,31,170,22000,Ordinario no inventariable.,3000.0,,3000.0,400.5
,,31,170,22001,"Prensa, revistas, libros y otras publicaciones.",1000.0,,1000.0,694.32
,,31,170,22104,Vestuario.,400.0,5000.0,5400.0,2299.57
,,31,170,22199,Otros suministros.,800.0,,800.0,2014.47
,,31,170,22201,Postales.,1000.0,,1000.0,2975.96
,,31,170,22603,Publicación en Diarios Oficiales.,200.0,,200.0,
,,31,170,22610,"MATRICULACIONES, ITV Y OTROS GASTOS PARQUE MOVIL",500.0,,500.0,38.95
,,31,170,22699,Otros gastos diversos,2000.0,,2000.0,2623.2
,,31,171,21000,"REP.,MANT.Y CONSERV.INFRAEST.Y BIENES",60000.0,,60000.0,27018.26
,,31,171,22199,Otros suministros.,5000.0,,5000.0,29.75
,,31,171,22699,Otros gastos diversos,2000.0,,2000.0,649.0
,,31,171,22706,Estudios y trabajos técnicos.,119248.22,-5000.0,114248.22,38521.2
,,31,171,2270614,REM./14 ESTUDIOS Y TRABAJOS TECNICOS,,30595.65,30595.65,30595.65
,,31,171,22713,CONTRATOS MANTENIMIENTO ZONAS VERDES,5673173.44,-325500.0,5347673.44,5389633.48
,,31,171,22736,CONTRAT.MANT.JUEGOS INFANT.Y MOB.URBANO,280680.59,,280680.59,276110.69
,,31,171,22799,Otros trabajos realizados por otras empresas y profes.,20000.0,,20000.0,5018.63
,,31,171,6090014,REM./14 OBRAS DE INVERSIONES,,37614.71,37614.71,37614.71
,,31,171,60911,MOBILIARIO URBANO EN ESPACIOS PUBLICOS,595925.12,-136659.72,459265.4,205127.29
,,31,171,6091114,REM./14 MOBILIARIO URBANO EN ESPACIOS PUBLICOS,,93149.24,93149.24,93149.24
,,31,171,60912,PROYECTOS AJARDINAMIENTO VIAS PUBLICAS,295000.0,-265000.0,30000.0,5619.29
,,31,171,6091212,REM./12 PROYECTOS AJARDINAMIENTO VIAS PUBLICAS,,222037.15,222037.15,222037.15
,,31,171,6091214,REM./14 PROYECTOS AJARDINAMIENTO VIAS PUBLICAS,,192567.74,192567.74,12567.74
,,31,311,22621,CAMPAÑAS SANITARIAS,3000.0,,3000.0,
,,31,311,22711,CONTROL DE PLAGAS URBANAS EN DEPENDENCIAS MUNICIPALES,62902.86,,62902.86,61893.99
,,31,311,22712,CONTRATOS RELACIONADOS CONTROL SANITARIO ANIMALES,177305.56,,177305.56,170935.08
,,31,311,22741,CONTRATOS PLAN DE CONTROL DE AVES,180076.15,,180076.15,179795.97
,,31,311,22799,Otros trabajos realizados por otras empresas y profes.,77745.2,,77745.2,39058.8
,,31,311,6091212,REM./12 PROYECTOS AJARDINAMIENTO VIAS PUBLICAS,,,,
,,31,311,62300,"INV.NUEVA MAQUINARIA, INSTALACIONES Y UTILLAJE",3000.0,,3000.0,2979.7
,,31,311,63200,INV.REPOS.EDIFICIOS Y OTRAS CONSTRUCCIONES,3000.0,,3000.0,1694.0
,,31,312,22706,Estudios y trabajos técnicos.,83786.75,,83786.75,83786.75
,,31,1621,21200,REPARAC. MANTENI. EDIFICIOS Y O.CONSTRUC,4000.0,,4000.0,
,,31,1621,21300,"REPARAC. MANTEN, Y CONS.  MAQUIN.,INST. Y UTILLAJE.",25000.0,,25000.0,16897.99
,,31,1621,22706,Estudios y trabajos técnicos.,,,,6473.5
,,31,1621,22714,CONTRATO RECOGIDA RESIDUOS SÓLIDOS URBANOS,10314506.24,-40983.87,10273522.37,10212233.96
,,31,1621,22717,CONTRATO MANTENIMIENTO CONTENEDORES,1992358.09,,1992358.09,1915539.51
,,31,1621,60900,OBRAS DE INVERSIONES,10000.0,,10000.0,5223.57
,,31,1621,62300,"INV.NUEVA MAQUINARIA, INSTALACIONES Y UTILLAJE",150000.0,,150000.0,84310.65
,,31,1621,62306,MAQ.Y CONTENEDORES RECOGIDA SELECTIVA,20000.0,,20000.0,16976.3
,,31,1621,6230614,REM./14 MAQ.Y CONTENEDORES RECOGIDA SELECTIVA,,16976.3,16976.3,16976.3
,,31,1621,6330014,"REM./14 INV. REPOS. MAQUINARIA, INSTALACIONES Y UTILLAJE",,46268.88,46268.88,46268.88
,,31,1623,22740,MANTENIMIENTO ANTIGUOS VERTEDEROS DE BENS,292940.47,142392.1,435332.57,395015.4
,,31,1623,60917,ACTUACIONES EN VERTEDEROS,447241.13,-300000.0,147241.13,
,,31,1629,22706,Estudios y trabajos técnicos.,15000.0,,15000.0,
,,31,1629,22716,GESTIÓN RESIDUOS SÓLIDOS URBANOS,6766610.23,160000.0,6926610.23,6929569.58
,,31,1629,22799,Otros trabajos realizados por otras empresas y profes.,1500.0,,1500.0,4236.87
,,31,1721,22706,Estudios y trabajos técnicos.,4000.0,,4000.0,5535.73
,,31,1721,22731,MANTENIMIENTO ESTACIONES CALIDAD AIRE,69050.64,,69050.64,56296.6
,,31,1721,22749,AGENDA 21 LOCAL,100000.0,-20000.0,80000.0,30688.23
,,31,1721,62300,"INV.NUEVA MAQUINARIA, INSTALACIONES Y UTILLAJE",25000.0,,25000.0,11845.9
,,31,1722,21001,"REP., MANT. Y CONSERV. PLAYAS",71254.55,-40000.0,31254.55,31232.42
,,31,1722,22116,OTROS SUMINISTROS PLAYAS,4000.0,,4000.0,
,,31,1722,22706,Estudios y trabajos técnicos.,10000.0,,10000.0,7156.59
,,31,1722,22732,CONTRATOS MANTENIMIENTO INSTALACIONES EN PLAYAS,14882.81,,14882.81,11018.46
,,31,1722,22799,Otros trabajos realizados por otras empresas y profes.,25000.0,,25000.0,18550.51
,,31,1722,60900,OBRAS DE INVERSIONES,35000.0,-35000.0,,
,,31,1722,63900,OTRA INVERSION DE REPOS. ASOCIADA AL FUNCIONAM. OPER.SERV.,20000.0,,20000.0,1909.38
,,31,1729,21000,"REP.,MANT.Y CONSERV.INFRAEST.Y BIENES",100431.61,,100431.61,100217.6
,,31,1729,22685,GASTOS POR ACTUACIONES SUBSIDIARIAS,1.0,1222.31,1223.31,1222.31
,,31,1729,22706,Estudios y trabajos técnicos.,46000.0,,46000.0,46231.28
,,31,1729,22751,EDUCACION AMBIENTAL,121000.0,,121000.0,99120.63
,,31,1729,22754,MANTENIMIENTO INTEGRAL CUPULA PANORAMICA,113370.9,-97392.1,15978.8,2795.37
,,31,1729,22755,MANTENIMIENTO INTEGRAL Y EXPLOTACION ELEVADOR PANORAMICO,299850.18,-80000.0,219850.18,240388.04
,,31,1729,22799,Otros trabajos realizados por otras empresas y profes.,126383.61,,126383.61,107998.9
,,31,1729,60902,PROYECTOS DE ACTUACIONES EN ENTORNOS NATURALES,80000.0,1860.33,81860.33,59936.58
,,31,1729,6090212,REM./12 PROYECTOS DE ACTUACIONES EN ENTORNOS NATURALES,,17226.21,17226.21,17226.21
,,31,1729,6090214,REM./14 PROYECTOS DE ACTUACIONES EN ENTORNOS NATURALES,,46500.0,46500.0,46500.0
,,31,1729,6320014,REM./14 INV.REPOS.EDIFICIOS Y OTRAS CONSTRUCCIONES,,50001.01,50001.01,50001.01
,,31,1729,63300,"INV. REPOS. MAQUINARIA, INSTALACIONES Y UTILLAJE",52620.0,,52620.0,22422.51
,,40,130,20300,ARRENDAMIENTO MAQUIN. INSTALAC. Y UTILL.,16000.0,-1396.82,14603.18,14603.18
,,40,130,22000,Ordinario no inventariable.,2000.0,-1900.0,100.0,82.28
,,40,130,22001,"Prensa, revistas, libros y otras publicaciones.",150.0,,150.0,301.0
,,40,130,22199,Otros suministros.,500.0,,500.0,129.47
,,40,130,22615,CURSOS Y RECICLAJE DE VOLUNTARIOS,8000.0,,8000.0,6647.0
,,40,130,22685,GASTOS POR ACTUACIONES SUBSIDIARIAS,1.0,,1.0,
,,40,130,22699,Otros gastos diversos,1600.0,-1000.0,600.0,404.14
,,40,130,22700,Limpieza y aseo.,9768.19,,9768.19,9735.03
,,40,130,22701,Seguridad.,18000.0,-8857.85,9142.15,9142.15
,,40,130,22706,Estudios y trabajos técnicos.,60000.0,-21000.0,39000.0,21640.85
,,40,130,2270614,REM./14 ESTUDIOS Y TRABAJOS TECNICOS,,15669.5,15669.5,15669.5
,,40,130,22799,Otros trabajos realizados por otras empresas y profes.,85742.52,-48000.0,37742.52,
,,40,130,27000,GASTOS IMPREVISTOS Y FUNCIONES NO CLASIFICADAS,1.0,,1.0,
,,40,130,62300,"INV.NUEVA MAQUINARIA, INSTALACIONES Y UTILLAJE",100.0,,100.0,100.0
,,40,130,6230014,"REM14./ INV.NUEVA MAQUINARIA, INSTALACIONES Y UTILLAJE",,199.0,199.0,199.0
,,40,130,62500,INV.NUEVA MOBILIARIO Y ENSERES,100.0,,100.0,
,,40,132,20401,ARREND.MATERIAL TRANSPORTE PARQUE MOVIL,252498.66,-55279.63,197219.03,187569.25
,,40,132,2040114,REM./14 ARREND.MATERIAL TRANSPORTE PARQUE MOVIL,,3220.71,3220.71,3220.71
,,40,132,21200,REPARAC. MANTENI. EDIFICIOS Y O.CONSTRUC,18000.0,,18000.0,21698.34
,,40,132,21300,"REPARAC. MANTEN, Y CONS.  MAQUIN.,INST. Y UTILLAJE.",18000.0,22000.0,40000.0,14595.19
,,40,132,21400,REPARAC. MANTEN. Y CONSERV.  MATERIAL TRANSPORTE,75000.0,,75000.0,68176.49
,,40,132,22000,Ordinario no inventariable.,18000.0,,18000.0,16309.43
,,40,132,22104,Vestuario.,100000.0,29000.0,129000.0,45073.24
,,40,132,2210414,REM./14 Vestuario.,,59910.8,59910.8,59910.8
,,40,132,22111,"Sumin. de repuestos de maquinaria, utillaje y elemtos tpte.",4000.0,,4000.0,4344.04
,,40,132,22199,Otros suministros.,9100.0,53279.63,62379.63,45088.78
,,40,132,22500,Tributos estatales.,50.0,,50.0,188.97
,,40,132,22501,Tributos de las Comunidades Autónomas.,4700.0,,4700.0,2837.01
,,40,132,22610,"MATRICULACIONES, ITV Y OTROS GASTOS PARQUE MOVIL",1900.0,2700.0,4600.0,1697.39
,,40,132,22699,Otros gastos diversos,380.0,,380.0,2265.4
,,40,132,22700,Limpieza y aseo.,92038.58,,92038.58,91342.02
,,40,132,22706,Estudios y trabajos técnicos.,18000.0,,18000.0,
,,40,132,2270614,REM./14 ESTUDIOS Y TRABAJOS TECNICOS,,4076.79,4076.79,4076.79
,,40,132,22799,Otros trabajos realizados por otras empresas y profes.,20570.73,-4700.0,15870.73,7264.99
,,40,132,2279914,REM./14 OTROS TRABAJOS REALIZADOS POR OTRAS EMPRESAS Y PROF.,,211.13,211.13,211.13
,,40,132,62300,"INV.NUEVA MAQUINARIA, INSTALACIONES Y UTILLAJE",20000.0,,20000.0,18203.3
,,40,132,6230014,"REM14./ INV.NUEVA MAQUINARIA, INSTALACIONES Y UTILLAJE",,14278.0,14278.0,14278.0
,,40,132,62400,INV.NUEVA MATERIAL DE TRANSPORTE,10385.0,,10385.0,10384.45
,,40,132,6240014,REM14./ INV.NUEVA MATERIAL DE TRANSPORTE,,17100.03,17100.03,17099.97
,,40,132,62500,INV.NUEVA MOBILIARIO Y ENSERES,300.0,,300.0,260.15
,,40,135,20300,ARRENDAMIENTO MAQUIN. INSTALAC. Y UTILL.,400.0,,400.0,360.1
,,40,135,21200,REPARAC. MANTENI. EDIFICIOS Y O.CONSTRUC,2500.0,,2500.0,2564.78
,,40,135,21300,"REPARAC. MANTEN, Y CONS.  MAQUIN.,INST. Y UTILLAJE.",2500.0,,2500.0,1829.94
,,40,135,21400,REPARAC. MANTEN. Y CONSERV.  MATERIAL TRANSPORTE,15000.0,,15000.0,13183.55
,,40,135,21500,"REP.,MANT. Y CONSERV. MOBILIARIO Y ENSERES",2000.0,,2000.0,259.54
,,40,135,22000,Ordinario no inventariable.,700.0,,700.0,43.34
,,40,135,22104,Vestuario.,5500.0,,5500.0,3489.54
,,40,135,22106,Productos farmacéuticos y material sanitario.,1000.0,,1000.0,1826.29
,,40,135,22110,Productos de limpieza y aseo.,500.0,,500.0,
,,40,135,22111,"Sumin. de repuestos de maquinaria, utillaje y elemtos tpte.",1000.0,,1000.0,943.72
,,40,135,22199,Otros suministros.,3000.0,,3000.0,1763.36
,,40,135,22400,PRIMAS DE SEGUROS,4000.0,,4000.0,3943.4
,,40,135,22500,Tributos estatales.,700.0,,700.0,
,,40,135,22501,Tributos de las Comunidades Autónomas.,100.0,,100.0,558.82
,,40,135,22610,"MATRICULACIONES, ITV Y OTROS GASTOS PARQUE MOVIL",900.0,,900.0,560.94
,,40,135,22699,Otros gastos diversos,7000.0,,7000.0,617.84
,,40,135,22799,Otros trabajos realizados por otras empresas y profes.,435369.62,,435369.62,434630.74
,,40,135,2279914,REM./14 OTROS TRABAJOS REALIZADOS POR OTRAS EMPRESAS Y PROF.,,369.12,369.12,369.12
,,40,135,62300,"INV.NUEVA MAQUINARIA, INSTALACIONES Y UTILLAJE",4600.0,,4600.0,4432.45
,,40,135,62400,INV.NUEVA MATERIAL DE TRANSPORTE,3000.0,,3000.0,2944.01
,,40,135,62500,INV.NUEVA MOBILIARIO Y ENSERES,5000.0,,5000.0,4362.22
,,40,135,63400,INVERSION DE REPOSICIÓN. ELEMENTOS DE TRANSPORTE,8000.0,,8000.0,7986.0
,,40,136,21200,REPARAC. MANTENI. EDIFICIOS Y O.CONSTRUC,6900.0,,6900.0,14254.84
,,40,136,21300,"REPARAC. MANTEN, Y CONS.  MAQUIN.,INST. Y UTILLAJE.",20000.0,,20000.0,29311.55
,,40,136,21400,REPARAC. MANTEN. Y CONSERV.  MATERIAL TRANSPORTE,50000.0,44154.67,94154.67,76052.86
,,40,136,21500,"REP.,MANT. Y CONSERV. MOBILIARIO Y ENSERES",350.0,,350.0,
,,40,136,22000,Ordinario no inventariable.,300.0,,300.0,
,,40,136,22103,Combustibles y carburantes.,28000.0,,28000.0,12584.23
,,40,136,22104,Vestuario.,22218.73,,22218.73,24945.36
,,40,136,22106,Productos farmacéuticos y material sanitario.,,,,4289.5
,,40,136,22110,Productos de limpieza y aseo.,930.0,,930.0,5493.21
,,40,136,22111,"Sumin. de repuestos de maquinaria, utillaje y elemtos tpte.",5000.0,,5000.0,1495.26
,,40,136,22199,Otros suministros.,26848.62,2000.0,28848.62,36156.17
,,40,136,22602,Publicidad y propaganda.,1000.0,,1000.0,
,,40,136,22610,"MATRICULACIONES, ITV Y OTROS GASTOS PARQUE MOVIL",1500.0,,1500.0,2003.47
,,40,136,22699,Otros gastos diversos,160.0,,160.0,24.2
,,40,136,22700,Limpieza y aseo.,40431.49,,40431.49,40045.29
,,40,136,22799,Otros trabajos realizados por otras empresas y profes.,55538.34,-11000.0,44538.34,43232.13
,,40,136,2279914,REM./14 OTROS TRABAJOS REALIZADOS POR OTRAS EMPRESAS Y PROF.,,266.61,266.61,266.61
,,40,136,62200,INV.NUEVA EDIFICIOS Y OTRAS CONSTRUCCIONES,100000.0,,100000.0,
,,40,136,6220011,REM./11 INV.NUEVA EDIFICIOS Y OTRAS CONSTRUCCIONES,,29406.94,29406.94,
,,40,136,6220014,REM14./ INV.NUEVA EDIFICIOS Y OTRAS CONSTRUCCIONES,,100000.0,100000.0,
,,40,136,62300,"INV.NUEVA MAQUINARIA, INSTALACIONES Y UTILLAJE",383888.89,,383888.89,
,,40,136,6230012,"REM./12 INV.NUEVA MAQUINARIA, INSTALACIONES Y UTILLAJE",,80371.0,80371.0,
,,40,136,6230013,"REM./13 INV.NUEVA MAQUINARIA, INSTALACIONES Y UTILLAJE",,82240.0,82240.0,
,,40,136,6230014,"REM14./ INV.NUEVA MAQUINARIA, INSTALACIONES Y UTILLAJE",,38794.35,38794.35,13460.71
,,40,136,62400,INV.NUEVA MATERIAL DE TRANSPORTE,350000.0,,350000.0,
,,40,136,6240014,REM14./ INV.NUEVA MATERIAL DE TRANSPORTE,,962146.44,962146.44,
,,40,136,62500,INV.NUEVA MOBILIARIO Y ENSERES,25000.0,,25000.0,24994.95
,,40,136,6250013,REM./13 INV.NUEVA MOBILIARIO Y ENSERES,,29400.0,29400.0,29399.98
,,40,136,63200,INV.REPOS.EDIFICIOS Y OTRAS CONSTRUCCIONES,200000.0,,200000.0,
,,40,136,6320010,REM./10 EDIFICIOS Y OTRAS CONSTRUCCIONES,,51888.17,51888.17,18071.35
,,41,130,21200,REPARAC. MANTENI. EDIFICIOS Y O.CONSTRUC,400.0,2000.0,2400.0,
,,41,130,22000,Ordinario no inventariable.,1000.0,,1000.0,
,,41,130,22199,Otros suministros.,1500.0,,1500.0,1493.87
,,41,130,22602,Publicidad y propaganda.,2500.0,,2500.0,
,,41,130,22603,Publicación en Diarios Oficiales.,1000.0,,1000.0,
,,41,130,22685,GASTOS POR ACTUACIONES SUBSIDIARIAS,1.0,,1.0,
,,41,130,22700,Limpieza y aseo.,200.0,,200.0,
,,41,130,22706,Estudios y trabajos técnicos.,53000.0,,53000.0,36437.14
,,41,130,2270614,REM./14 ESTUDIOS Y TRABAJOS TECNICOS,,17666.0,17666.0,17666.0
,,41,130,22799,Otros trabajos realizados por otras empresas y profes.,453750.0,-193000.0,260750.0,258698.06
,,41,130,2279914,REM./14 OTROS TRABAJOS REALIZADOS POR OTRAS EMPRESAS Y PROF.,,44213.4,44213.4,44213.4
,,41,130,62300,"INV.NUEVA MAQUINARIA, INSTALACIONES Y UTILLAJE",1000.0,59659.72,60659.72,159.72
,,41,133,21003,REP.MANT.Y CONS.SEÑALIZACION HORIZONTAL Y VERT.VIAS PUBLICAS,17000.0,,17000.0,14034.06
,,41,133,21303,REPARACIONES PUNTUALES RED SEMAFORICA,30000.0,45000.0,75000.0,48045.67
,,41,133,22707,MANTENIMIENTO Y EXPLOTACIÓN RED SEMAFÓRICA,731602.68,,731602.68,659073.05
,,41,133,22710,SERV.REGUL. APARC. Y RETIRADA VEHICULOS,3752289.41,,3752289.41,3381632.58
,,41,133,22725,MANTENIMIENTO SEÑALIZACION HORIZONTAL,209060.83,,209060.83,211371.94
,,41,133,22791,RECONOCIMIENTO CREDITO,,319499.98,319499.98,319499.98
,,41,133,62300,"INV.NUEVA MAQUINARIA, INSTALACIONES Y UTILLAJE",50000.0,5000.0,55000.0,40618.36
,,41,133,62302,INSTALACIÓN DE SEMÁFOROS,200000.0,57000.0,257000.0,230322.19
,,41,133,6230214,REM./14 INSTALACIÓN DE SEMÁFOROS,,41521.89,41521.89,34250.87
,,41,133,6270012,REM./12 PROYECTOS COMPLEJOS,,121599.96,121599.96,121599.96
,,41,133,6270013,REM./13 PROYECTOS COMPLEJOS,,278934.49,278934.49,252003.17
,,41,134,22000,Ordinario no inventariable.,380.0,,380.0,
,,41,134,22002,Material informático no inventariable.,90000.0,30000.0,120000.0,111777.86
,,41,134,22199,Otros suministros.,,1.0,1.0,1471.36
,,41,134,22602,Publicidad y propaganda.,1000.0,,1000.0,
,,41,134,22603,Publicación en Diarios Oficiales.,1000.0,,1000.0,118.5
,,41,134,22685,GASTOS POR ACTUACIONES SUBSIDIARIAS,,1.0,1.0,
,,41,134,22706,Estudios y trabajos técnicos.,122977.57,139000.0,261977.57,107853.91
,,41,134,48918,CUOTAS ASOCIACIONES MUNICIPIOS (FEMP...),1800.0,,1800.0,1800.0
,,41,134,48950,CONVENIOS NOMINATIVOS,32000.0,,32000.0,32000.0
,,41,134,60916,Otras inversiones nuevas en infraestructras de movilidad,190000.0,-122000.0,68000.0,53249.66
,,41,134,6091614,REM./14 OTRAS INVERS NUEVAS EN INFRAEST. DE MOVILIDAD,,7220.75,7220.75,
,,41,134,63200,INV.REPOS.EDIFICIOS Y OTRAS CONSTRUCCIONES,200000.0,-143754.34,56245.66,26706.07
,,41,440,21200,REPARAC. MANTENI. EDIFICIOS Y O.CONSTRUC,11000.0,9000.0,20000.0,10830.19
,,41,440,21300,"REPARAC. MANTEN, Y CONS.  MAQUIN.,INST. Y UTILLAJE.",,1.0,1.0,3152.73
,,41,440,22000,Ordinario no inventariable.,1800.0,,1800.0,941.08
,,41,440,22103,Combustibles y carburantes.,16174.0,,16174.0,9485.58
,,41,440,22104,Vestuario.,4400.0,,4400.0,4034.82
,,41,440,22199,Otros suministros.,1500.0,,1500.0,1303.28
,,41,440,22501,Tributos de las Comunidades Autónomas.,100.0,,100.0,56.06
,,41,440,22699,Otros gastos diversos,900.0,,900.0,356.33
,,41,440,22700,Limpieza y aseo.,154030.97,,154030.97,150780.72
,,41,440,22701,Seguridad.,157946.85,,157946.85,157299.96
,,41,440,2270114,REM14./ SEGURIDAD,,13108.33,13108.33,13108.33
,,41,440,22799,Otros trabajos realizados por otras empresas y profes.,23472.54,7000.0,30472.54,21727.13
,,41,440,2279914,REM./14 OTROS TRABAJOS REALIZADOS POR OTRAS EMPRESAS Y PROF.,,100.0,100.0,100.0
,,41,440,63200,INV.REPOS.EDIFICIOS Y OTRAS CONSTRUCCIONES,,,,
,,41,442,22799,Otros trabajos realizados por otras empresas y profes.,40000.0,-40000.0,,
,,41,442,6091614,REM./14 OTRAS INVERS NUEVAS EN INFRAEST. DE MOVILIDAD,,196630.17,196630.17,196630.17
,,41,442,61900,OTRAS INV.REPOS.EN INFRAESTRUCTURAS Y BIENES,10000.0,,10000.0,
,,41,442,6190014,REM./14 OTRAS INV.REPOS.EN INFRAESTRUCTURAS Y BIENES,,28904.4,28904.4,28904.4
,,41,442,62300,"INV.NUEVA MAQUINARIA, INSTALACIONES Y UTILLAJE",37500.0,-18000.0,19500.0,
,,41,4411,22799,Otros trabajos realizados por otras empresas y profes.,40000.0,,40000.0,39000.0
,,41,4411,48912,SUBV.TRANSPORTE COLECTIVO URB.VIAJEROS,7500000.0,110754.34,7610754.34,7384978.21
,,41,4411,48991,RECONOCIMIENTO DE CRÉDITO,,1987126.63,1987126.63,1987126.63
,,41,4412,21200,REPARAC. MANTENI. EDIFICIOS Y O.CONSTRUC,4000.0,-2000.0,2000.0,1798.82
,,41,4412,21300,"REPARAC. MANTEN, Y CONS.  MAQUIN.,INST. Y UTILLAJE.",9000.0,-7000.0,2000.0,1518.55
,,41,4412,77902,SUBVENCIONES TRANSPORTE PUBLICO DE VIAJEROS,60000.0,-15000.0,45000.0,45000.0
,,50,330,20300,ARRENDAMIENTO MAQUIN. INSTALAC. Y UTILL.,165.0,,165.0,
,,50,330,22000,Ordinario no inventariable.,500.0,,500.0,137.15
,,50,330,22001,"Prensa, revistas, libros y otras publicaciones.",2000.0,,2000.0,2160.55
,,50,330,22199,Otros suministros.,100.0,,100.0,
,,50,330,22602,Publicidad y propaganda.,100.0,,100.0,
,,50,330,22699,Otros gastos diversos,435.0,,435.0,359.1
,,50,333,21200,REPARAC. MANTENI. EDIFICIOS Y O.CONSTRUC,100.0,10034.53,10134.53,2550.68
,,50,333,21300,"REPARAC. MANTEN, Y CONS.  MAQUIN.,INST. Y UTILLAJE.",1900.0,,1900.0,459.94
,,50,333,22001,"Prensa, revistas, libros y otras publicaciones.",350.0,,350.0,346.9
,,50,333,22628,EXPOSICIONES,350000.0,50000.0,400000.0,312689.5
,,50,333,2262814,REM./14 EXPOSICIONES,,22892.1,22892.1,20176.39
,,50,333,22629,CATALOGACION Y RESTAURACION DEL PATRIMONIO,3000.0,,3000.0,2962.08
,,50,333,22699,Otros gastos diversos,4000.0,,4000.0,5953.01
,,50,333,22700,Limpieza y aseo.,18960.39,,18960.39,19291.41
,,50,333,2270014,REM./14 LIMPIEZA Y ASEO,,2130.65,2130.65,2130.61
,,50,333,22701,Seguridad.,306937.08,,306937.08,306763.2
,,50,333,22799,Otros trabajos realizados por otras empresas y profes.,9606.0,-2000.0,7606.0,5111.62
,,50,333,48917,FUNDACION LUIS SEOANE,350000.0,,350000.0,350000.0
,,50,333,63200,INV.REPOS.EDIFICIOS Y OTRAS CONSTRUCCIONES,124580.15,10978.33,135558.48,17298.16
,,50,334,21200,REPARAC. MANTENI. EDIFICIOS Y O.CONSTRUC,15000.0,8500.0,23500.0,18351.64
,,50,334,21300,"REPARAC. MANTEN, Y CONS.  MAQUIN.,INST. Y UTILLAJE.",5000.0,,5000.0,1841.62
,,50,334,21500,"REP.,MANT. Y CONSERV. MOBILIARIO Y ENSERES",1000.0,,1000.0,
,,50,334,22400,PRIMAS DE SEGUROS,1200.0,,1200.0,
,,50,334,22602,Publicidad y propaganda.,8000.0,-1584.59,6415.41,8941.89
,,50,334,22606,"Reuniones, conferencias y cursos.",100.0,-100.0,,
,,50,334,22609,Actividades culturales y deportivas,210000.0,125384.59,335384.59,244373.87
,,50,334,2260914,REM./14 ACTIVIDADES CULTURALES Y DEPORTIVAS,,27634.04,27634.04,26309.17
,,50,334,22620,ACTIVIDADES DE FOMENTO DE LA LENGUA GALLEGA,25000.0,,25000.0,23312.67
,,50,334,2262014,REM./14 ACTIVIDADES DE FOMENTO DE LA LENGUA GALLEGA,,2000.0,2000.0,600.0
,,50,334,22628,EXPOSICIONES,100.0,,100.0,1200.0
,,50,334,22699,Otros gastos diversos,,,,3945.09
,,50,334,22700,Limpieza y aseo.,192323.25,,192323.25,142673.48
,,50,334,22701,Seguridad.,298354.88,,298354.88,255981.15
,,50,334,22706,Estudios y trabajos técnicos.,50.0,,50.0,3267.0
,,50,334,22799,Otros trabajos realizados por otras empresas y profes.,107942.78,4300.0,112242.78,92842.89
,,50,334,48108,PREMIO BLANCO AMOR,360.0,,360.0,
,,50,334,48950,CONVENIOS NOMINATIVOS,131000.0,,131000.0,117400.0
,,50,334,4895014,REM./14 CONVENIOS NOMINATIVOS,,9600.0,9600.0,9052.03
,,50,334,62500,INV.NUEVA MOBILIARIO Y ENSERES,75000.0,-75000.0,,
,,50,334,63200,INV.REPOS.EDIFICIOS Y OTRAS CONSTRUCCIONES,,124432.79,124432.79,116206.77
,,50,336,21200,REPARAC. MANTENI. EDIFICIOS Y O.CONSTRUC,2000.0,,2000.0,2459.41
,,50,336,21300,"REPARAC. MANTEN, Y CONS.  MAQUIN.,INST. Y UTILLAJE.",800.0,,800.0,133.43
,,50,336,22000,Ordinario no inventariable.,1000.0,474.41,1474.41,2072.13
,,50,336,22001,"Prensa, revistas, libros y otras publicaciones.",800.0,,800.0,729.72
,,50,336,22110,Productos de limpieza y aseo.,400.0,,400.0,416.0
,,50,336,22199,Otros suministros.,600.0,,600.0,
,,50,336,22602,Publicidad y propaganda.,,4630.67,4630.67,4598.0
,,50,336,22699,Otros gastos diversos,500.0,-474.41,25.59,25.59
,,50,336,22700,Limpieza y aseo.,33179.47,,33179.47,33146.4
,,50,336,22701,Seguridad.,109266.99,,109266.99,109190.16
,,50,336,22706,Estudios y trabajos técnicos.,,21051.05,21051.05,
,,50,336,22752,OTROS TRABAJOS REALIZADOS OTRAS EMPRESAS PROYECTO ARTABRIA,15000.0,,15000.0,10271.25
,,50,336,22799,Otros trabajos realizados por otras empresas y profes.,5180.0,,5180.0,6232.91
,,50,336,2279914,REM./14 OTROS TRABAJOS REALIZADOS POR OTRAS EMPRESAS Y PROF.,,103.46,103.46,103.44
,,50,336,62300,"INV.NUEVA MAQUINARIA, INSTALACIONES Y UTILLAJE",420.0,,420.0,384.01
,,50,336,62500,INV.NUEVA MOBILIARIO Y ENSERES,460.0,,460.0,459.99
,,50,336,62700,PROYECTOS COMPLEJOS,222478.34,4283.08,226761.42,10000.65
,,50,336,6270009,REM./09 PROYECTOS COMPLEJOS,,31934.6,31934.6,5608.97
,,50,336,6270010,REM./10 PROYECTOS COMPLEJOS,,357763.09,357763.09,
,,50,336,6270011,REM./11 PROYECTOS COMPLEJOS,,165944.49,165944.49,
,,50,336,6270012,REM./12 PROYECTOS COMPLEJOS,,48000.0,48000.0,
,,50,336,6270013,REM./13 PROYECTOS COMPLEJOS,,15307.12,15307.12,
,,50,336,6270014,REM./14 PROYECTOS COMPLEJOS,,56961.43,56961.43,30911.03
,,50,336,63200,INV.REPOS.EDIFICIOS Y OTRAS CONSTRUCCIONES,3000.0,,3000.0,2565.44
,,50,3321,20203,ARREND.LOCALES S.FAMILIA (ESC.ADULTOS),32268.74,,32268.74,32204.4
,,50,3321,20300,ARRENDAMIENTO MAQUIN. INSTALAC. Y UTILL.,4423.95,,4423.95,3686.6
,,50,3321,2030014,REM./14 ARRENDAMIENTO MAQUIN. INSTALAC. Y UTILL.,,245.78,245.78,
,,50,3321,21200,REPARAC. MANTENI. EDIFICIOS Y O.CONSTRUC,7000.0,5000.0,12000.0,9198.62
,,50,3321,21300,"REPARAC. MANTEN, Y CONS.  MAQUIN.,INST. Y UTILLAJE.",900.0,5676.54,6576.54,729.51
,,50,3321,21500,"REP.,MANT. Y CONSERV. MOBILIARIO Y ENSERES",3500.0,,3500.0,6385.8
,,50,3321,21600,REPARA. MANTEN. EQUIPOS PROCESOS INFORM.,100.0,,100.0,
,,50,3321,22000,Ordinario no inventariable.,9000.0,,9000.0,6795.57
,,50,3321,22001,"Prensa, revistas, libros y otras publicaciones.",95000.0,,95000.0,94467.16
,,50,3321,22002,Material informático no inventariable.,,,,94.06
,,50,3321,22104,Vestuario.,,,,160.34
,,50,3321,22110,Productos de limpieza y aseo.,,,,3531.75
,,50,3321,22199,Otros suministros.,10800.0,,10800.0,9663.87
,,50,3321,22602,Publicidad y propaganda.,1500.0,,1500.0,3022.82
,,50,3321,22609,Actividades culturales y deportivas,75804.1,-10000.0,65804.1,54432.98
,,50,3321,22628,EXPOSICIONES,300.0,,300.0,
,,50,3321,22699,Otros gastos diversos,3000.0,1990.08,4990.08,1196.95
,,50,3321,22700,Limpieza y aseo.,210625.95,30000.0,240625.95,227425.19
,,50,3321,22701,Seguridad.,80335.81,,80335.81,79977.24
,,50,3321,22706,Estudios y trabajos técnicos.,3500.0,,3500.0,2272.6
,,50,3321,22722,CONTRATOS GESTION BIBLIOTECAS,2331251.28,-7666.62,2323584.66,2323345.2
,,50,3321,22799,Otros trabajos realizados por otras empresas y profes.,45223.29,,45223.29,57580.84
,,50,3321,2279914,REM./14 OTROS TRABAJOS REALIZADOS POR OTRAS EMPRESAS Y PROF.,,7326.24,7326.24,7326.24
,,50,3321,48050,CONVENIOS NOMINATIVOS,15000.0,,15000.0,15000.0
,,50,3321,62300,"INV.NUEVA MAQUINARIA, INSTALACIONES Y UTILLAJE",5000.0,-825.0,4175.0,4168.41
,,50,3321,62500,INV.NUEVA MOBILIARIO Y ENSERES,25417.84,825.0,26242.84,25727.79
,,50,3321,63200,INV.REPOS.EDIFICIOS Y OTRAS CONSTRUCCIONES,147897.11,,147897.11,
,,50,3322,21200,REPARAC. MANTENI. EDIFICIOS Y O.CONSTRUC,1500.0,,1500.0,1483.49
,,50,3322,21300,"REPARAC. MANTEN, Y CONS.  MAQUIN.,INST. Y UTILLAJE.",420.0,,420.0,
,,50,3322,22000,Ordinario no inventariable.,2000.0,,2000.0,3031.25
,,50,3322,22001,"Prensa, revistas, libros y otras publicaciones.",1350.0,,1350.0,1146.88
,,50,3322,22199,Otros suministros.,1200.0,,1200.0,297.66
,,50,3322,22629,CATALOGACION Y RESTAURACION DEL PATRIMONIO,2600.0,,2600.0,2299.0
,,50,3322,22706,Estudios y trabajos técnicos.,17130.0,4235.0,21365.0,21304.71
,,50,3322,68500,GTOS.EN BIENES PATRIMONIALES MOBILIARIO Y ENSERES,2000.0,,2000.0,350.9
,,50,3331,20200,ARRENDAMIENTOS EDIFICIOS Y OTRAS CONSTR.,3400.0,,3400.0,1085.7
,,50,3331,20300,ARRENDAMIENTO MAQUIN. INSTALAC. Y UTILL.,3000.0,,3000.0,940.1
,,50,3331,20400,ARRENDAMIENTO MATERIAL DE TRANSPORTE,10500.0,,10500.0,
,,50,3331,21200,REPARAC. MANTENI. EDIFICIOS Y O.CONSTRUC,45000.0,,45000.0,23716.21
,,50,3331,21300,"REPARAC. MANTEN, Y CONS.  MAQUIN.,INST. Y UTILLAJE.",72500.0,605.0,73105.0,40640.64
,,50,3331,21400,REPARAC. MANTEN. Y CONSERV.  MATERIAL TRANSPORTE,360.0,,360.0,390.01
,,50,3331,21500,"REP.,MANT. Y CONSERV. MOBILIARIO Y ENSERES",4500.0,,4500.0,7354.85
,,50,3331,21600,REPARA. MANTEN. EQUIPOS PROCESOS INFORM.,1400.0,,1400.0,1774.46
,,50,3331,22000,Ordinario no inventariable.,1860.0,,1860.0,11759.47
,,50,3331,22001,"Prensa, revistas, libros y otras publicaciones.",800.0,,800.0,983.52
,,50,3331,22002,Material informático no inventariable.,990.0,,990.0,1311.03
,,50,3331,22103,Combustibles y carburantes.,24000.0,,24000.0,12487.93
,,50,3331,22104,Vestuario.,1400.0,,1400.0,786.31
,,50,3331,22106,Productos farmacéuticos y material sanitario.,5000.0,,5000.0,8748.71
,,50,3331,2210614,REM./14 Productos farmacéuticos y material sanitario.,,246.6,246.6,
,,50,3331,22110,Productos de limpieza y aseo.,4500.0,,4500.0,7179.63
,,50,3331,22113,Manutención de animales.,57500.0,,57500.0,40924.11
,,50,3331,2211314,REM./14 Manutención de animales.,,975.76,975.76,
,,50,3331,22199,Otros suministros.,50000.0,,50000.0,24167.77
,,50,3331,2219914,REM./14 Otros suministros.,,1134.19,1134.19,
,,50,3331,22203,Informáticas.,1200.0,,1200.0,751.9
,,50,3331,22300,TRANSPORTES,2600.0,,2600.0,1057.61
,,50,3331,22400,PRIMAS DE SEGUROS,1000.0,,1000.0,520.6
,,50,3331,22602,Publicidad y propaganda.,6000.0,,6000.0,3608.37
,,50,3331,22603,Publicación en Diarios Oficiales.,50.0,,50.0,
,,50,3331,22606,"Reuniones, conferencias y cursos.",1000.0,20271.6,21271.6,23121.95
,,50,3331,22628,EXPOSICIONES,119000.0,34000.0,153000.0,66921.47
,,50,3331,2262813,REM./13 EXPOSICIONES,,1852.0,1852.0,
,,50,3331,2262814,REM./14 EXPOSICIONES,,18150.0,18150.0,18150.0
,,50,3331,22699,Otros gastos diversos,80000.0,59706.5,139706.5,89309.59
,,50,3331,2269913,REM./13 OTROS GASTOS DIVERSOS,,16687.5,16687.5,15607.36
,,50,3331,2269914,REM./14 Otros gastos diversos,,9651.97,9651.97,3081.1
,,50,3331,22700,Limpieza y aseo.,336455.94,,336455.94,333634.67
,,50,3331,22701,Seguridad.,788460.35,,788460.35,791945.74
,,50,3331,22706,Estudios y trabajos técnicos.,6000.0,17093.35,23093.35,13707.78
,,50,3331,2270614,REM./14 ESTUDIOS Y TRABAJOS TECNICOS,,3146.0,3146.0,3146.0
,,50,3331,22719,EDICIONES,2600.0,,2600.0,
,,50,3331,22799,Otros trabajos realizados por otras empresas y profes.,964667.19,,964667.19,946360.01
,,50,3331,24000,GASTOS DE EDICION Y DISTRIBUCION,50.0,,50.0,
,,50,3331,62200,INV.NUEVA EDIFICIOS Y OTRAS CONSTRUCCIONES,5500.0,-2807.75,2692.25,1748.45
,,50,3331,62300,"INV.NUEVA MAQUINARIA, INSTALACIONES Y UTILLAJE",25000.0,-10449.03,14550.97,13579.14
,,50,3331,6230014,"REM14./ INV.NUEVA MAQUINARIA, INSTALACIONES Y UTILLAJE",,5694.11,5694.11,5694.11
,,50,3331,62500,INV.NUEVA MOBILIARIO Y ENSERES,65000.0,-44545.5,20454.5,15954.73
,,50,3331,6250014,REM14./ INV.NUEVA MOBILIARIO Y ENSERES,,7012.47,7012.47,6721.55
,,50,3331,62600,INV.NUEVA EQUIPOS PARA PROCESOS DE INFORMACION,8000.0,-1622.1,6377.9,219.0
,,50,3331,63200,INV.REPOS.EDIFICIOS Y OTRAS CONSTRUCCIONES,95000.0,-23000.0,72000.0,11016.01
,,50,3331,6320014,REM./14 INV.REPOS.EDIFICIOS Y OTRAS CONSTRUCCIONES,,80016.83,80016.83,2330.99
,,50,3331,63300,"INV. REPOS. MAQUINARIA, INSTALACIONES Y UTILLAJE",80000.0,-64401.25,15598.75,15598.75
,,50,3331,6330014,"REM./14 INV. REPOS. MAQUINARIA, INSTALACIONES Y UTILLAJE",,36390.75,36390.75,36390.74
,,50,3331,63500,INV.REPOS. MOBILIARIO Y ENSERES,800.0,-400.0,400.0,397.65
,,50,3331,64100,ADQUISICIÓN DE SOFTWARE,30000.0,-6319.87,23680.13,23535.51
,,50,3341,41001,INSTITUTO MUNICIPAL CORUÑA ESPECTACULOS,4000000.0,550000.0,4550000.0,4550000.0
,,50,3342,46701,CONSORCIO PROMOCION MUSICA,3145900.0,-550000.0,2595900.0,2595900.0
,,50,3343,20200,ARRENDAMIENTOS EDIFICIOS Y OTRAS CONSTR.,12071.54,,12071.54,12071.51
,,50,3343,21200,REPARAC. MANTENI. EDIFICIOS Y O.CONSTRUC,100.0,-100.0,,
,,50,3343,21300,"REPARAC. MANTEN, Y CONS.  MAQUIN.,INST. Y UTILLAJE.",200.0,-200.0,,
,,50,3343,21302,"REP.,MANT. Y CONS. DE INSTRUMENTOS MUSICALES Y OTROS",11000.0,-6400.0,4600.0,4200.06
,,50,3343,22000,Ordinario no inventariable.,500.0,,500.0,868.72
,,50,3343,22104,Vestuario.,5500.0,-1450.0,4050.0,4255.0
,,50,3343,22199,Otros suministros.,1700.0,,1700.0,976.81
,,50,3343,22602,Publicidad y propaganda.,1000.0,1000.0,2000.0,758.02
,,50,3343,22609,Actividades culturales y deportivas,500.0,,500.0,677.6
,,50,3343,22699,Otros gastos diversos,3000.0,,3000.0,1402.73
,,50,3343,22719,EDICIONES,100.0,,100.0,
,,50,3343,22721,CONTRATACION REFUERZOS BANDA MUSICA,6000.0,3650.0,9650.0,8305.36
,,50,3343,22726,CONTRATO GESTION ESCUELA MUNICIPAL DE MUSICA,274000.0,,274000.0,274000.0
,,50,3343,22799,Otros trabajos realizados por otras empresas y profes.,36344.69,,36344.69,26665.98
,,50,3343,62500,INV.NUEVA MOBILIARIO Y ENSERES,6000.0,3610.0,9610.0,9395.73
,,51,231,20202,ARREND.LOCALES PARA CENTROS SOCIALES,20860.53,,20860.53,21460.2
,,51,231,20400,ARRENDAMIENTO MATERIAL DE TRANSPORTE,13171.0,,13171.0,12124.08
,,51,231,21200,REPARAC. MANTENI. EDIFICIOS Y O.CONSTRUC,38000.0,51000.0,89000.0,36169.38
,,51,231,2120014,REM./14 REPARAC. MANTENI. EDIFICIOS Y O.CONSTRUC,,10355.65,10355.65,10034.53
,,51,231,21300,"REPARAC. MANTEN, Y CONS.  MAQUIN.,INST. Y UTILLAJE.",5000.0,25000.0,30000.0,33306.97
,,51,231,21500,"REP.,MANT. Y CONSERV. MOBILIARIO Y ENSERES",1000.0,500.0,1500.0,563.86
,,51,231,22000,Ordinario no inventariable.,14000.0,-8603.68,5396.32,10838.18
,,51,231,2200014,REM./14 ORDINARIO NO INVENTARIABLE,,449.74,449.74,53.35
,,51,231,22001,"Prensa, revistas, libros y otras publicaciones.",30000.0,,30000.0,31385.85
,,51,231,2200114,"REM./14 PRENSA, REVISTAS, LIBROS Y OTRAS PUBLICACIONES",,346.8,346.8,
,,51,231,22100,Energía eléctrica.,4000.0,,4000.0,
,,51,231,22102,Gas.,35999.19,,35999.19,20618.94
,,51,231,2210214,REM./2014 Gas.,,5215.52,5215.52,3943.86
,,51,231,22103,Combustibles y carburantes.,32139.29,,32139.29,24578.66
,,51,231,22104,Vestuario.,100.0,500.0,600.0,607.29
,,51,231,2210414,REM./14 Vestuario.,,100.0,100.0,
,,51,231,22105,Productos alimenticios.,32000.0,,32000.0,27932.62
,,51,231,2210513,REM./13 PRODUCTOS ALIMENTICIOS,,2514.33,2514.33,2514.33
,,51,231,2210514,REM./14 Productos alimenticios.,,7391.75,7391.75,
,,51,231,22106,Productos farmacéuticos y material sanitario.,2000.0,,2000.0,1190.46
,,51,231,22110,Productos de limpieza y aseo.,350.0,,350.0,
,,51,231,22199,Otros suministros.,2500.0,,2500.0,1681.03
,,51,231,2219914,REM./14 Otros suministros.,,500.0,500.0,59.41
,,51,231,22200,Servicios de Telecomunicaciones.,200.0,,200.0,
,,51,231,22400,PRIMAS DE SEGUROS,600.0,,600.0,602.36
,,51,231,22602,Publicidad y propaganda.,7300.0,17812.54,25112.54,26622.62
,,51,231,2260214,REM./14 PUBLICIDAD Y PROPAGANDA,,916.34,916.34,
,,51,231,22603,Publicación en Diarios Oficiales.,100.0,,100.0,
,,51,231,22606,"Reuniones, conferencias y cursos.",100.0,,100.0,
,,51,231,22616,ACTIVIDADES SOCIO-CULTURALES,1020000.0,187667.74,1207667.74,1030680.14
,,51,231,2261611,REM./11 ACTIVIDADES SOCIO-CULTURALES,,4499.04,4499.04,4388.6
,,51,231,2261614,REM./14 ACTIVIDADES SOCIO-CULTURALES,,125112.77,125112.77,122489.98
,,51,231,22699,Otros gastos diversos,6000.0,16146.51,22146.51,5553.55
,,51,231,2269914,REM./14 Otros gastos diversos,,998.61,998.61,171.98
,,51,231,22700,Limpieza y aseo.,464552.08,3000.0,467552.08,441681.86
,,51,231,22701,Seguridad.,1097003.62,,1097003.62,1043806.28
,,51,231,2270114,REM14./ SEGURIDAD,,6544.28,6544.28,6544.27
,,51,231,22706,Estudios y trabajos técnicos.,20000.0,-1500.0,18500.0,3747.98
,,51,231,22720,PROGRAMAS SOCIALES,1101345.12,-6900.0,1094445.12,810370.16
,,51,231,2272014,REM./2014 PROGRAMAS SOCIALES,,54918.34,54918.34,39003.98
,,51,231,22723,CONTRATACIÓN DE PRESTACIÓN DE SERVICIOS SOCIALES,7991474.1,518311.66,8509785.76,7633510.79
,,51,231,2272314,REM./14 CONTRATACIÓN DE PRESTACIÓN DE SERVICIOS SOCIALES,,15368.56,15368.56,15368.56
,,51,231,22799,Otros trabajos realizados por otras empresas y profes.,73637.97,,73637.97,34486.36
,,51,231,2279914,REM./14 OTROS TRABAJOS REALIZADOS POR OTRAS EMPRESAS Y PROF.,,2182.81,2182.81,2182.68
,,51,231,48001,EMERGENCIA SOCIAL,750000.0,140000.0,890000.0,726115.41
,,51,231,48033,PLAN MUNICIPAL PARA PERSONAS CON DISCAPACIDAD,444000.0,,444000.0,418739.96
,,51,231,48050,CONVENIOS NOMINATIVOS,1787214.0,142900.0,1930114.0,1521140.0
,,51,231,4805014,REM./14 CONVENIOS NOMINATIVOS,,59437.31,59437.31,59437.31
,,51,231,48900,OTRAS TRANSF.CORRIENTES A FAMILIAS E INST.SIN FINES DE LUCRO,130000.0,,130000.0,110671.0
,,51,231,48913,TURISMO SOCIAL,30000.0,,30000.0,29843.94
,,51,231,62202,CONSTRUCCION DE CENTROS DE SERVICIOS SOCIALES,,720.26,720.26,
,,51,231,62300,"INV.NUEVA MAQUINARIA, INSTALACIONES Y UTILLAJE",5000.0,-2000.0,3000.0,702.43
,,51,231,62700,PROYECTOS COMPLEJOS,684724.27,,684724.27,350224.16
,,51,231,6270014,REM./14 PROYECTOS COMPLEJOS,,360793.08,360793.08,160793.08
,,51,231,63200,INV.REPOS.EDIFICIOS Y OTRAS CONSTRUCCIONES,263228.23,11167.24,274395.47,36396.55
,,51,231,6320014,REM./14 INV.REPOS.EDIFICIOS Y OTRAS CONSTRUCCIONES,,419776.27,419776.27,303728.17
,,51,231,63300,"INV. REPOS. MAQUINARIA, INSTALACIONES Y UTILLAJE",2000.0,5832.76,7832.76,5770.22
,,51,231,63500,INV.REPOS. MOBILIARIO Y ENSERES,3000.0,5000.0,8000.0,3787.11
,,51,231,6350014,REM./14 INV.REPOS. MOBILIARIO Y ENSERES,,13441.43,13441.43,13441.37
,,51,231,78003,PROGRAMA ERRADICACION CHABOLISMO,40000.0,,40000.0,
,,51,231,7805014,REM14./ CONVENIOS NOMINATIVOS,,400314.0,400314.0,398685.99
,,52,231,21200,REPARAC. MANTENI. EDIFICIOS Y O.CONSTRUC,100.0,,100.0,
,,52,231,21300,"REPARAC. MANTEN, Y CONS.  MAQUIN.,INST. Y UTILLAJE.",90.0,5000.0,5090.0,
,,52,231,22400,PRIMAS DE SEGUROS,700.0,,700.0,338.28
,,52,231,22602,Publicidad y propaganda.,100.0,,100.0,17720.8
,,52,231,22603,Publicación en Diarios Oficiales.,50.0,,50.0,
,,52,231,22606,"Reuniones, conferencias y cursos.",50.0,,50.0,
,,52,231,22609,Actividades culturales y deportivas,50.0,,50.0,
,,52,231,22625,Programas de promoción juventud,102054.28,49298.0,151352.28,91474.79
,,52,231,22628,EXPOSICIONES,1000.0,,1000.0,
,,52,231,22691,RECONOCIMIENTO DE CREDITO,,4884.77,4884.77,4884.77
,,52,231,22699,Otros gastos diversos,100.0,,100.0,
,,52,231,22700,Limpieza y aseo.,6237.92,,6237.92,6175.24
,,52,231,22701,Seguridad.,100.0,,100.0,
,,52,231,22799,Otros trabajos realizados por otras empresas y profes.,373712.79,-15000.0,358712.79,317133.98
,,52,231,2279914,REM./14 OTROS TRABAJOS REALIZADOS POR OTRAS EMPRESAS Y PROF.,,20812.88,20812.88,19891.13
,,52,231,62500,INV.NUEVA MOBILIARIO Y ENSERES,5973.53,,5973.53,
,,52,320,21200,REPARAC. MANTENI. EDIFICIOS Y O.CONSTRUC,50.0,,50.0,105.44
,,52,320,21300,"REPARAC. MANTEN, Y CONS.  MAQUIN.,INST. Y UTILLAJE.",100.0,,100.0,
,,52,320,22000,Ordinario no inventariable.,350.0,,350.0,149.48
,,52,320,22104,Vestuario.,2000.0,,2000.0,
,,52,320,2210414,REM./14 Vestuario.,,3190.41,3190.41,3190.41
,,52,320,22501,Tributos de las Comunidades Autónomas.,50.0,,50.0,
,,52,320,22603,Publicación en Diarios Oficiales.,50.0,,50.0,
,,52,320,22699,Otros gastos diversos,100.0,,100.0,141.57
,,52,321,62700,PROYECTOS COMPLEJOS,75000.0,-75000.0,,
,,52,321,6270013,REM./13 PROYECTOS COMPLEJOS,,33005.63,33005.63,33005.63
,,52,321,6270014,REM./14 PROYECTOS COMPLEJOS,,275808.26,275808.26,198477.92
,,52,321,6320114,REM./14 OBRAS DE REPOSICION EN COLEGIOS PÚBLICOS,,,,
,,52,323,21200,REPARAC. MANTENI. EDIFICIOS Y O.CONSTRUC,425000.0,-20000.0,405000.0,393206.6
,,52,323,21300,"REPARAC. MANTEN, Y CONS.  MAQUIN.,INST. Y UTILLAJE.",500.0,,500.0,
,,52,323,22700,Limpieza y aseo.,1311482.97,,1311482.97,1310463.0
,,52,323,22706,Estudios y trabajos técnicos.,100.0,,100.0,
,,52,323,22760,ESCUELA INFANTIL MUNICIPAL MONTE ALTO,70000.0,35000.0,105000.0,66278.67
,,52,323,22761,ESCUELA INFANTIL MUNICIPAL LOS ROSALES,210000.0,,210000.0,203412.56
,,52,323,22762,ESCUELA INFANTIL MUNICIPAL OS CATIVOS,153000.0,,153000.0,138095.89
,,52,323,22763,ESCUELA INFANTIL MUNICIPAL ARELA,208000.0,,208000.0,197328.11
,,52,323,22764,ESCUELA INFANTIL MUNICIPAL LUIS SEOANE,143000.0,,143000.0,140548.88
,,52,323,22765,ESCUELA INFANTIL MUNICIPAL CARRICANTA,201000.0,,201000.0,190281.2
,,52,323,22766,ESCUELA INFANTIL MUNICIPAL MESOIRO,144000.0,,144000.0,136092.29
,,52,323,22769,ESCUELA INFANTIL MUNICIPAL AGRA DEL ORZAN,137091.84,,137091.84,96046.82
,,52,323,22799,Otros trabajos realizados por otras empresas y profes.,100004.45,,100004.45,105491.32
,,52,323,48950,CONVENIOS NOMINATIVOS,170000.0,,170000.0,170000.0
,,52,323,62300,"INV.NUEVA MAQUINARIA, INSTALACIONES Y UTILLAJE",2500.0,-2130.0,370.0,360.97
,,52,323,62500,INV.NUEVA MOBILIARIO Y ENSERES,50.0,2360.0,2410.0,2359.5
,,52,323,63201,OBRAS DE REPOSICION EN COLEGIOS PÚBLICOS,454707.11,56814.65,511521.76,184239.83
,,52,323,6320112,REM./12 OBRAS DE REPOSICION EN COLEGIOS PÚBLICOS,,16949.31,16949.31,
,,52,323,6320114,REM./14 OBRAS DE REPOSICION EN COLEGIOS PÚBLICOS,,89858.99,89858.99,89858.99
,,52,326,22626,PROG.EDUCATIVOS Y ACTIVIDADES GENERALES,291248.5,169875.0,461123.5,139436.01
,,52,326,2262614,REM./14 PROG.EDUCATIVOS Y ACTIVIDADES GENERALES,,480129.64,480129.64,444242.06
,,52,326,22706,Estudios y trabajos técnicos.,4000.0,7000.0,11000.0,6377.51
,,52,326,22733,CONTRATO DE GESTION DEL PROGRAMA MADRUGADORES,20921.08,,20921.08,15103.03
,,52,326,22735,PROGRAMA ENSEÑANZA DE INGLES,312040.93,-10000.0,302040.93,278091.85
,,52,326,2273514,REM./14 PROGRAMA ENSEÑANZA DE INGLES,,7978.66,7978.66,7978.66
,,52,326,22745,CONTRATOS RED INFORMÁTICA CENTROS ESC.,62257.31,,62257.31,62129.76
,,52,326,42301,APORTACION CENTRO ASOCIADO UNED,75000.0,,75000.0,75000.0
,,52,326,48104,BECAS PARA MASTER PRODUCCIÓN Y GESTIÓN AUDIOVISUAL,24225.0,,24225.0,24225.0
,,52,326,48950,CONVENIOS NOMINATIVOS,445888.02,,445888.02,429622.02
,,52,326,4895014,REM./14 CONVENIOS NOMINATIVOS,,8133.33,8133.33,2155.0
,,52,340,20300,ARRENDAMIENTO MAQUIN. INSTALAC. Y UTILL.,4402.14,,4402.14,148.8
,,52,340,20400,ARRENDAMIENTO MATERIAL DE TRANSPORTE,4250.0,,4250.0,4250.0
,,52,340,21200,REPARAC. MANTENI. EDIFICIOS Y O.CONSTRUC,8500.0,,8500.0,27767.78
,,52,340,21300,"REPARAC. MANTEN, Y CONS.  MAQUIN.,INST. Y UTILLAJE.",22400.0,,22400.0,6655.58
,,52,340,21400,REPARAC. MANTEN. Y CONSERV.  MATERIAL TRANSPORTE,22000.0,,22000.0,15627.76
,,52,340,22000,Ordinario no inventariable.,600.0,,600.0,892.42
,,52,340,22001,"Prensa, revistas, libros y otras publicaciones.",350.0,,350.0,
,,52,340,22102,Gas.,808245.72,-60000.0,748245.72,309562.62
,,52,340,2210214,REM./2014 Gas.,,775.6,775.6,775.6
,,52,340,22103,Combustibles y carburantes.,46540.05,,46540.05,20195.84
,,52,340,22104,Vestuario.,2900.0,,2900.0,2613.6
,,52,340,22106,Productos farmacéuticos y material sanitario.,1500.0,,1500.0,410.48
,,52,340,22110,Productos de limpieza y aseo.,1200.0,,1200.0,
,,52,340,22111,"Sumin. de repuestos de maquinaria, utillaje y elemtos tpte.",13451.4,,13451.4,199.89
,,52,340,22191,RECONOCIMIENTO DE CREDITO,,24915.34,24915.34,24915.34
,,52,340,22199,Otros suministros.,15500.0,,15500.0,35337.0
,,52,340,22201,Postales.,,1000.0,1000.0,
,,52,340,22602,Publicidad y propaganda.,100.0,26000.0,26100.0,17874.94
,,52,340,22603,Publicación en Diarios Oficiales.,100.0,,100.0,
,,52,340,22699,Otros gastos diversos,52506.26,,52506.26,46721.67
,,52,340,2269914,REM./14 Otros gastos diversos,,3327.79,3327.79,3020.81
,,52,340,22700,Limpieza y aseo.,502737.42,-9334.76,493402.66,487920.96
,,52,340,22701,Seguridad.,1534897.16,,1534897.16,1444281.82
,,52,340,2270114,REM14./ SEGURIDAD,,116373.09,116373.09,116373.09
,,52,340,22706,Estudios y trabajos técnicos.,6000.0,,6000.0,641.06
,,52,340,22799,Otros trabajos realizados por otras empresas y profes.,1318276.45,-138000.0,1180276.45,1209657.64
,,52,340,2279914,REM./14 OTROS TRABAJOS REALIZADOS POR OTRAS EMPRESAS Y PROF.,,36586.26,36586.26,36586.26
,,52,340,62300,"INV.NUEVA MAQUINARIA, INSTALACIONES Y UTILLAJE",600.0,,600.0,74.11
,,52,340,62500,INV.NUEVA MOBILIARIO Y ENSERES,3000.0,-2400.0,600.0,
,,52,341,22606,"Reuniones, conferencias y cursos.",7344.88,,7344.88,6732.0
,,52,341,22628,EXPOSICIONES,,,,
,,52,341,22630,TROFEO TERESA HERRERA,52389.12,,52389.12,52255.3
,,52,341,22767,TORNEOS DEPORTIVOS,670000.0,202367.11,872367.11,704971.08
,,52,341,22791,RECONOCIMIENTO CREDITO,,5211.61,5211.61,3995.56
,,52,341,22799,Otros trabajos realizados por otras empresas y profes.,78826.33,,78826.33,33183.83
,,52,341,48900,OTRAS TRANSF.CORRIENTES A FAMILIAS E INST.SIN FINES DE LUCRO,120000.0,,120000.0,94199.75
,,52,341,4890014,REM14./ OTRAS TRANSF.CORRIE.A FAM. E INST.SIN FINES DE LUCRO,,112143.3,112143.3,111495.79
,,52,341,48950,CONVENIOS NOMINATIVOS,565433.88,,565433.88,500433.88
,,52,341,4895014,REM./14 CONVENIOS NOMINATIVOS,,40000.0,40000.0,40000.0
,,52,341,78050,CONVENIOS NOMINATIVOS,2000.0,,2000.0,2000.0
,,52,342,62300,"INV.NUEVA MAQUINARIA, INSTALACIONES Y UTILLAJE",27331.35,-21589.42,5741.93,5055.93
,,52,342,62500,INV.NUEVA MOBILIARIO Y ENSERES,20100.28,-18308.28,1792.0,
,,52,342,6250014,REM14./ INV.NUEVA MOBILIARIO Y ENSERES,,15917.34,15917.34,15917.34
,,52,342,62503,INV.NUEVA MATERIAL DEPORTIVO,27017.05,-21017.31,5999.74,5776.54
,,52,342,6250314,REM14./ INV.NUEVA MATERIAL DEPORTIVO,,84216.07,84216.07,67639.07
,,52,342,62700,PROYECTOS COMPLEJOS,245000.0,-225942.5,19057.5,19057.5
,,52,342,6270013,REM./13 PROYECTOS COMPLEJOS,,156713.48,156713.48,156713.48
,,52,342,6270014,REM./14 PROYECTOS COMPLEJOS,,100000.0,100000.0,5608.5
,,52,342,62791,RECONOCIMIENTO DE CREDITO,,6673.3,6673.3,6673.3
,,52,342,63206,REHABILITACION INSTALACIONES DEPORTIVAS,1417307.6,-42618.45,1374689.15,69262.78
,,52,342,6320612,REM./12 REHABILITACION INSTALACIONES DEPORTIVAS,,234937.49,234937.49,234937.48
,,52,342,6320614,REM./14 REHABILITACION INSTALACIONES DEPORTIVAS,,536682.02,536682.02,185254.46
,,52,342,63300,"INV. REPOS. MAQUINARIA, INSTALACIONES Y UTILLAJE",78408.0,,78408.0,
,,52,342,6330014,"REM./14 INV. REPOS. MAQUINARIA, INSTALACIONES Y UTILLAJE",,24763.19,24763.19,24763.19
,,52,342,63391,RECONOCIMIENTO DE CREDITO,,739.55,739.55,739.55
,,60,241,20300,ARRENDAMIENTO MAQUIN. INSTALAC. Y UTILL.,14100.0,3400.0,17500.0,12425.03
,,60,241,2030013,REM./13 ARRENDAMIENTO MAQUIN. INSTALAC. Y UTILL.,,405.78,405.78,
,,60,241,2030014,REM./14 ARRENDAMIENTO MAQUIN. INSTALAC. Y UTILL.,,978.14,978.14,762.02
,,60,241,20400,ARRENDAMIENTO MATERIAL DE TRANSPORTE,17063.23,,17063.23,15681.6
,,60,241,2040014,REM./14 ARRENDAMIENTO MATERIAL DE TRANSPORTE,,200.0,200.0,
,,60,241,20500,ARRENDAMIENTO MOBILIARIO Y ENSERES,500.0,500.0,1000.0,
,,60,241,21200,REPARAC. MANTENI. EDIFICIOS Y O.CONSTRUC,3500.0,,3500.0,1866.23
,,60,241,21300,"REPARAC. MANTEN, Y CONS.  MAQUIN.,INST. Y UTILLAJE.",3000.0,,3000.0,3109.99
,,60,241,21400,REPARAC. MANTEN. Y CONSERV.  MATERIAL TRANSPORTE,1000.0,,1000.0,980.35
,,60,241,21500,"REP.,MANT. Y CONSERV. MOBILIARIO Y ENSERES",400.0,,400.0,
,,60,241,22000,Ordinario no inventariable.,2500.0,1700.0,4200.0,2357.98
,,60,241,2200014,REM./14 ORDINARIO NO INVENTARIABLE,,1172.45,1172.45,68.89
,,60,241,2200114,"REM./14 PRENSA, REVISTAS, LIBROS Y OTRAS PUBLICACIONES",,986.07,986.07,90.0
,,60,241,22002,Material informático no inventariable.,400.0,4000.0,4400.0,718.44
,,60,241,22102,Gas.,16000.0,,16000.0,9573.01
,,60,241,22199,Otros suministros.,7000.0,7000.0,14000.0,1063.28
,,60,241,22400,PRIMAS DE SEGUROS,1.0,,1.0,
,,60,241,22501,Tributos de las Comunidades Autónomas.,200.0,,200.0,
,,60,241,22602,Publicidad y propaganda.,5000.0,,5000.0,3993.0
,,60,241,2260213,REM./13 PUBLICIDAD Y PROPAGANDA,,6000.0,6000.0,
,,60,241,2260214,REM./14 PUBLICIDAD Y PROPAGANDA,,4000.0,4000.0,
,,60,241,22606,"Reuniones, conferencias y cursos.",,,,
,,60,241,2260613,"REM./13 REUNIONES, CONFERENCIAS Y CURSOS",,10000.0,10000.0,
,,60,241,22619,CURSOS DE FORMACION PARA EL EMPLEO,877099.17,-64274.64,812824.53,330224.68
,,60,241,2261912,REM./12 CURSOS DE FORMACION PARA EL EMPLEO,,231.0,231.0,231.0
,,60,241,2261913,REM./13 CURSOS DE FORMACION PARA EL EMPLEO,,18046.0,18046.0,11092.0
,,60,241,2261914,REM./14 CURSOS DE FORMACION PARA EL EMPLEO,,118331.35,118331.35,111079.21
,,60,241,22699,Otros gastos diversos,50600.0,-44620.0,5980.0,6936.63
,,60,241,2269912,REM./12 OTROS GASTOS DIVERSOS,,61679.0,61679.0,61678.99
,,60,241,2269913,REM./13 OTROS GASTOS DIVERSOS,,129833.63,129833.63,129833.63
,,60,241,22700,Limpieza y aseo.,60178.14,,60178.14,60178.08
,,60,241,22706,Estudios y trabajos técnicos.,10900.0,,10900.0,6503.75
,,60,241,2270614,REM./14 ESTUDIOS Y TRABAJOS TECNICOS,,16059.91,16059.91,6454.48
,,60,241,22719,EDICIONES,1.0,,1.0,
,,60,241,22799,Otros trabajos realizados por otras empresas y profes.,84430.47,,84430.47,81593.42
,,60,241,45100,A Organismos Autónomos y agencias de las CC.AA.,25000.0,-25000.0,,
,,60,241,4510014,REM./14 A ORGANISMOS AUTONOMOS Y AGENCIAS DE LAS CC.AA.,,40000.0,40000.0,39496.78
,,60,241,4890013,REM./13 OTRAS TRANSF.CORR. A FAM E INST.SIN FINES DE LUCRO,,61077.13,61077.13,53373.38
,,60,241,48950,CONVENIOS NOMINATIVOS,20000.0,-20000.0,,
,,60,241,4895014,REM./14 CONVENIOS NOMINATIVOS,,50000.0,50000.0,
,,60,241,62300,"INV.NUEVA MAQUINARIA, INSTALACIONES Y UTILLAJE",4000.0,,4000.0,3132.11
,,60,241,62500,INV.NUEVA MOBILIARIO Y ENSERES,1.0,,1.0,
,,60,241,63200,INV.REPOS.EDIFICIOS Y OTRAS CONSTRUCCIONES,191820.6,-191820.6,,
,,60,430,22000,Ordinario no inventariable.,300.0,,300.0,
,,60,430,22602,Publicidad y propaganda.,,,,18327.59
,,60,430,22614,INDEMNIZACIONES VARIAS,5000.0,,5000.0,
,,60,430,22618,PLAN DINAMIZACION COMERCIO LOCAL,700000.0,75000.0,775000.0,313127.93
,,60,430,2261814,REM./14 PLAN DINAMIZACION COMERCIO LOCAL,,210149.88,210149.88,209696.78
,,60,430,22619,CURSOS DE FORMACION PARA EL EMPLEO,1.0,,1.0,
,,60,430,22628,EXPOSICIONES,,,,248480.78
,,60,430,22699,Otros gastos diversos,10100.0,,10100.0,
,,60,430,22706,Estudios y trabajos técnicos.,5000.0,,5000.0,1527.5
,,60,430,2273713,REM./13 PLAN DINAMIZACION URBANA C,,88976.66,88976.66,88976.66
,,60,430,2273714,REM./14 PLAN DINAMIZACION URBANA C,,98024.17,98024.17,98024.17
,,60,430,48950,CONVENIOS NOMINATIVOS,141000.0,,141000.0,65000.0
,,60,430,4895014,REM./14 CONVENIOS NOMINATIVOS,,16000.0,16000.0,15302.79
,,60,432,22602,Publicidad y propaganda.,10000.0,,10000.0,8666.87
,,60,432,63200,INV.REPOS.EDIFICIOS Y OTRAS CONSTRUCCIONES,50000.0,59874.43,109874.43,43062.31
,,60,433,20300,ARRENDAMIENTO MAQUIN. INSTALAC. Y UTILL.,1210.0,,1210.0,
,,60,433,21200,REPARAC. MANTENI. EDIFICIOS Y O.CONSTRUC,3000.0,,3000.0,697.29
,,60,433,21300,"REPARAC. MANTEN, Y CONS.  MAQUIN.,INST. Y UTILLAJE.",50.0,,50.0,
,,60,433,21500,"REP.,MANT. Y CONSERV. MOBILIARIO Y ENSERES",50.0,,50.0,
,,60,433,22000,Ordinario no inventariable.,106.14,,106.14,103.12
,,60,433,22199,Otros suministros.,100.0,,100.0,61.35
,,60,433,22602,Publicidad y propaganda.,,,,
,,60,433,22606,"Reuniones, conferencias y cursos.",14000.0,6993.0,20993.0,26688.75
,,60,433,22619,CURSOS DE FORMACION PARA EL EMPLEO,15000.0,,15000.0,13571.4
,,60,433,22628,EXPOSICIONES,40000.0,,40000.0,34691.72
,,60,433,22699,Otros gastos diversos,15000.0,,15000.0,658.84
,,60,433,2269912,REM./12 OTROS GASTOS DIVERSOS,,32059.46,32059.46,32059.46
,,60,433,2269913,REM./13 OTROS GASTOS DIVERSOS,,13113.87,13113.87,13113.87
,,60,433,22700,Limpieza y aseo.,19173.84,,19173.84,14193.34
,,60,433,22706,Estudios y trabajos técnicos.,20000.0,-5000.0,15000.0,5172.75
,,60,433,2270614,REM./14 ESTUDIOS Y TRABAJOS TECNICOS,,19164.22,19164.22,19163.98
,,60,433,22799,Otros trabajos realizados por otras empresas y profes.,209704.31,-170000.0,39704.31,39656.9
,,60,433,4510014,REM./14 A ORGANISMOS AUTONOMOS Y AGENCIAS DE LAS CC.AA.,,100000.0,100000.0,98748.13
,,60,433,48950,CONVENIOS NOMINATIVOS,167000.0,-85000.0,82000.0,70000.0
,,60,433,4895014,REM./14 CONVENIOS NOMINATIVOS,,40000.0,40000.0,40000.0
,,60,433,62700,PROYECTOS COMPLEJOS,24000.0,-18416.2,5583.8,
,,60,433,6270013,REM./13 PROYECTOS COMPLEJOS,,846645.66,846645.66,655875.37
,,60,433,63200,INV.REPOS.EDIFICIOS Y OTRAS CONSTRUCCIONES,5000.0,,5000.0,
,,60,493,20300,ARRENDAMIENTO MAQUIN. INSTALAC. Y UTILL.,1698.4,,1698.4,
,,60,493,21200,REPARAC. MANTENI. EDIFICIOS Y O.CONSTRUC,1000.0,,1000.0,
,,60,493,21300,"REPARAC. MANTEN, Y CONS.  MAQUIN.,INST. Y UTILLAJE.",50.0,,50.0,
,,60,493,21500,"REP.,MANT. Y CONSERV. MOBILIARIO Y ENSERES",50.0,,50.0,
,,60,493,22000,Ordinario no inventariable.,700.0,,700.0,272.0
,,60,493,22001,"Prensa, revistas, libros y otras publicaciones.",50.0,,50.0,
,,60,493,22602,Publicidad y propaganda.,1000.0,,1000.0,
,,60,493,22622,CAMPAÑAS INFORMATIVAS CURSOS Y OTROS,43000.0,,43000.0,32716.87
,,60,493,22700,Limpieza y aseo.,5083.44,,5083.44,5082.0
,,60,493,22706,Estudios y trabajos técnicos.,5000.0,,5000.0,
,,60,493,22799,Otros trabajos realizados por otras empresas y profes.,250.0,,250.0,
,,60,493,62500,INV.NUEVA MOBILIARIO Y ENSERES,100.0,386.42,486.42,486.42
,,60,924,22000,Ordinario no inventariable.,100.0,256.02,356.02,
,,60,924,22602,Publicidad y propaganda.,500.0,-256.02,243.98,
,,60,924,22706,Estudios y trabajos técnicos.,,16000.0,16000.0,22711.29
,,60,924,22768,ACTIVIDADES DE PARTICIPACIÓN CIUDADANA,17324.62,20000.0,37324.62,17274.97
,,60,924,22799,Otros trabajos realizados por otras empresas y profes.,,,,
,,60,4312,21200,REPARAC. MANTENI. EDIFICIOS Y O.CONSTRUC,5000.0,,5000.0,5109.83
,,60,4312,21300,"REPARAC. MANTEN, Y CONS.  MAQUIN.,INST. Y UTILLAJE.",1000.0,,1000.0,233.38
,,60,4312,22000,Ordinario no inventariable.,30.0,,30.0,
,,60,4312,22104,Vestuario.,50.0,,50.0,
,,60,4312,22110,Productos de limpieza y aseo.,500.0,,500.0,274.86
,,60,4312,22199,Otros suministros.,400.0,,400.0,519.76
,,60,4312,22602,Publicidad y propaganda.,,,,
,,60,4312,22618,PLAN DINAMIZACION COMERCIO LOCAL,,50000.0,50000.0,6000.0
,,60,4312,2261814,REM./14 PLAN DINAMIZACION COMERCIO LOCAL,,47069.0,47069.0,47069.0
,,60,4312,22699,Otros gastos diversos,500.0,,500.0,130.0
,,60,4312,22706,Estudios y trabajos técnicos.,5000.0,,5000.0,15034.25
,,60,4312,22799,Otros trabajos realizados por otras empresas y profes.,387043.42,,387043.42,355744.22
,,60,4312,62200,INV.NUEVA EDIFICIOS Y OTRAS CONSTRUCCIONES,243120.24,,243120.24,
,,60,4312,62300,"INV.NUEVA MAQUINARIA, INSTALACIONES Y UTILLAJE",30000.0,108628.86,138628.86,88628.86
,,60,4312,62500,INV.NUEVA MOBILIARIO Y ENSERES,1000.0,,1000.0,969.75
,,60,4312,63200,INV.REPOS.EDIFICIOS Y OTRAS CONSTRUCCIONES,490000.0,-441449.9,48550.1,13189.0
,,60,4312,6320012,REM./12 INV.REPOS.EDIFICIOS Y OTRAS CONSTRUCCIONES,,53191.17,53191.17,53191.17
,,60,4312,6320014,REM./14 INV.REPOS.EDIFICIOS Y OTRAS CONSTRUCCIONES,,227500.61,227500.61,161391.49
,,60,4312,63300,"INV. REPOS. MAQUINARIA, INSTALACIONES Y UTILLAJE",1.0,,1.0,
,,60,4321,46700,TRANSFERENCIAS  CORRIENTES A CONSORCIOS,3800000.0,,3800000.0,3800000.0
#TOT.,,,,,,252000000.0,33392375.1,285392375.1,238275604.23
